Codice comune;Comune;Totale maschi;Totale femmine;Totale
28001;Abano Terme;9805;10674;20479
98001;Abbadia Cerreto;139;141;280
97001;Abbadia Lariana;1537;1601;3138
52001;Abbadia San Salvatore;3111;3006;6117
95001;Abbasanta;1244;1295;2539
68001;Abbateggio;177;168;345
15002;Abbiategrasso;16074;16719;32793
47023;Abetone Cutigliano;911;923;1834
76001;Abriola;579;616;1195
88001;Acate;5928;4729;10657
71001;Accadia;1109;1095;2204
4001;Acceglio;84;87;171
77001;Accettura;773;802;1575
66001;Acciano;135;117;252
57001;Accumoli;266;227;493
76002;Acerenza;1008;999;2007
65001;Acerno;1229;1189;2418
63001;Acerra;28846;29739;58585
87001;Aci Bonaccorsi;1689;1870;3559
87002;Aci Castello;8419;9063;17482
87003;Aci Catena;13429;13920;27349
87004;Acireale;24648;25880;50528
87005;Aci Sant'Antonio;8953;9138;18091
60001;Acquafondata;137;116;253
78001;Acquaformosa;480;450;930
17001;Acquafredda;779;770;1549
41001;Acqualagna;2067;2086;4153
19001;Acquanegra Cremonese;583;584;1167
20001;Acquanegra sul Chiese;1363;1359;2722
56001;Acquapendente;2605;2617;5222
78002;Acquappesa;854;900;1754
102001;Acquaro;855;925;1780
44001;Acquasanta Terme;1222;1189;2411
55001;Acquasparta;2109;2221;4330
70001;Acquaviva Collecroce;271;265;536
72001;Acquaviva delle Fonti;9574;10106;19680
94001;Acquaviva d'Isernia;183;163;346
44002;Acquaviva Picena;1771;1815;3586
85001;Acquaviva Platani;408;411;819
83107;Acquedolci;2669;2863;5532
6001;Acqui Terme;8998;10019;19017
78003;Acri;8775;9284;18059
60002;Acuto;888;891;1779
72002;Adelfia;8044;8327;16371
87006;Adrano;16276;17230;33506
16001;Adrara San Martino;1172;1041;2213
16002;Adrara San Rocco;425;391;816
29001;Adria;9319;9559;18878
17002;Adro;3627;3569;7196
23001;Affi;1253;1251;2504
58001;Affile;698;705;1403
63002;Afragola;30363;31218;61581
80001;Africo;1338;1332;2670
33001;Agazzano;1015;1039;2054
63003;Agerola;3868;3976;7844
90001;Aggius;659;719;1378
86001;Agira;3726;3803;7529
47002;Agliana;8857;9127;17984
5001;Agliano Terme;785;760;1545
1001;Agliè;1259;1325;2584
90062;Aglientu;602;593;1195
28002;Agna;1554;1621;3175
19002;Agnadello;1983;1980;3963
80002;Agnana Calabra;230;216;446
94002;Agnone;2353;2192;4545
17003;Agnosine;842;804;1646
25001;Agordo;1930;2132;4062
58002;Agosta;816;863;1679
12001;Agra;189;191;380
108001;Agrate Brianza;7877;8014;15891
3001;Agrate Conturbia;811;768;1579
84001;Agrigento;27032;28086;55118
65002;Agropoli;10561;10857;21418
42001;Agugliano;2312;2320;4632
24001;Agugliaro;705;701;1406
108002;Aicurzio;1014;1058;2072
95002;Aidomaggiore;185;189;374
86002;Aidone;2137;2068;4205
66002;Aielli;680;690;1370
78004;Aiello Calabro;662;662;1324
30001;Aiello del Friuli;1001;1085;2086
64001;Aiello del Sabato;2005;2040;4045
78005;Aieta;350;353;703
61001;Ailano;513;614;1127
96001;Ailoche;140;149;289
1002;Airasca;1873;1825;3698
62001;Airola;4027;4062;8089
8001;Airole;195;176;371
97002;Airuno;1537;1391;2928
4002;Aisone;105;101;206
22001;Ala;4496;4402;8898
90002;Alà dei Sardi;873;872;1745
1003;Ala di Stura;240;228;468
18001;Alagna;394;416;810
2002;Alagna Valsesia;381;350;731
68002;Alanno;1588;1674;3262
9001;Alassio;4639;5266;9905
60003;Alatri;13441;13995;27436
4003;Alba;14843;16142;30985
67001;Alba Adriatica;6454;6871;13325
95003;Albagiara;107;112;219
15005;Albairate;2334;2385;4719
65003;Albanella;3206;3133;6339
76003;Albano di Lucania;654;621;1275
58003;Albano Laziale;19147;20559;39706
16003;Albano Sant'Alessandro;4188;4154;8342
2003;Albano Vercellese;162;165;327
23002;Albaredo d'Adige;2689;2609;5298
14001;Albaredo per San Marco;145;133;278
34001;Albareto;1016;1022;2038
4004;Albaretto della Torre;99;106;205
13003;Albavilla;3112;3236;6348
9002;Albenga;11738;11932;23670
6002;Albera Ligure;153;139;292
72003;Alberobello;4895;5134;10029
71002;Alberona;419;417;836
13004;Albese con Cassano;2081;2196;4277
24002;Albettone;983;976;1959
79002;Albi;374;365;739
22002;Albiano;788;761;1549
1004;Albiano d'Ivrea;791;842;1633
108003;Albiate;3271;3449;6720
78006;Albidona;526;521;1047
28003;Albignasego;13369;14232;27601
35001;Albinea;4335;4651;8986
16004;Albino;8669;8919;17588
13005;Albiolo;1430;1370;2800
9004;Albisola Superiore;4475;4996;9471
9003;Albissola Marina;2469;2656;5125
12002;Albizzate;2556;2644;5200
18003;Albonese;271;290;561
14002;Albosaggia;1486;1520;3006
5002;Albugnano;258;267;525
18004;Albuzzano;1814;1853;3667
81001;Alcamo;22276;22385;44661
83001;Alcara li Fusi;746;843;1589
22003;Aldeno;1665;1695;3360
21001;Aldino/Aldein;831;778;1609
95004;Ales;625;604;1229
6003;Alessandria;45877;47532;93409
78007;Alessandria del Carretto;185;152;337
84002;Alessandria della Rocca;1104;1197;2301
75002;Alessano;2919;3063;5982
75003;Alezio;2684;2960;5644
65004;Alfano;410;481;891
66003;Alfedena;540;377;917
17004;Alfianello;1166;1141;2307
6004;Alfiano Natta;321;334;655
39001;Alfonsine;5749;5918;11667
90003;Alghero;20088;21677;41765
16248;Algua;366;332;698
83002;Alì;295;301;596
82001;Alia;1526;1612;3138
77002;Aliano;401;403;804
6005;Alice Bel Colle;346;286;632
2004;Alice Castello;1257;1222;2479
61002;Alife;3616;3633;7249
82002;Alimena;849;973;1822
82003;Aliminusa;501;504;1005
83003;Alì Terme;1125;1192;2317
95005;Allai;170;163;333
25003;Alleghe;522;542;1064
7001;Allein;99;98;197
55002;Allerona;830;849;1679
75004;Alliste;3055;3289;6344
58004;Allumiere;1869;1903;3772
6192;Alluvioni Piovera;781;783;1564
16005;Almè;2654;2829;5483
16006;Almenno San Bartolomeo;3325;3305;6630
16007;Almenno San Salvatore;2688;2814;5502
1006;Almese;3034;3197;6231
24003;Alonte;791;767;1558
25072;Alpago;3322;3257;6579
1007;Alpette;125;110;235
1008;Alpignano;8238;8275;16513
33002;Alseno;2382;2403;4785
13006;Alserio;714;703;1417
72004;Altamura;34574;35762;70336
9005;Altare;981;941;1922
22235;Altavalle;837;808;1645
13253;Alta Valle Intelvi;1614;1572;3186
33049;Alta Val Tidone;1501;1426;2927
64002;Altavilla Irpina;1890;1913;3803
82004;Altavilla Milicia;4550;4505;9055
6007;Altavilla Monferrato;198;188;386
65005;Altavilla Silentina;3536;3522;7058
24004;Altavilla Vicentina;5876;5884;11760
109001;Altidona;1833;1966;3799
78008;Altilia;367;302;669
69001;Altino;1490;1520;3010
24005;Altissimo;1117;1040;2157
26001;Altivole;3505;3583;7088
4005;Alto;80;72;152
82005;Altofonte;4746;4996;9742
78009;Altomonte;1916;2027;3943
46001;Altopascio;8042;8144;16186
22236;Altopiano della Vigolana;2600;2601;5201
37062;Alto Reno Terme;3516;3663;7179
2170;Alto Sermenza;70;63;133
55003;Alviano;631;687;1318
61003;Alvignano;2197;2236;4433
60004;Alvito;1194;1240;2434
16008;Alzano Lombardo;6615;6764;13379
6008;Alzano Scrivia;189;165;354
13007;Alzate Brianza;2395;2439;4834
65006;Amalfi;2243;2329;4572
109002;Amandola;1611;1595;3206
78010;Amantea;6858;7001;13859
30002;Amaro;426;428;854
79003;Amaroni;779;816;1595
60005;Amaseno;2012;2017;4029
79004;Amato;371;398;769
57002;Amatrice;1132;1014;2146
16009;Ambivere;1206;1128;2334
22237;Amblar-Don;281;273;554
11001;Ameglia;2100;2170;4270
55004;Amelia;5671;5733;11404
78011;Amendolara;1287;1303;2590
3002;Ameno;415;451;866
62002;Amorosi;1316;1313;2629
30003;Ampezzo;448;429;877
63004;Anacapri;3314;3432;6746
60006;Anagni;10132;10498;20630
67002;Ancarano;916;958;1874
42002;Ancona;49609;50542;100151
79005;Andali;286;295;581
22005;Andalo;593;644;1237
14003;Andalo Valtellino;322;279;601
1009;Andezeno;995;984;1979
9006;Andora;3526;3729;7255
96002;Andorno Micca;1487;1527;3014
75005;Andrano;2135;2271;4406
1010;Andrate;252;216;468
93001;Andreis;121;122;243
64003;Andretta;806;824;1630
110001;Andria;47615;48905;96520
21002;Andriano/Andrian;532;526;1058
90004;Anela;284;269;553
17005;Anfo;228;211;439
12003;Angera;2541;2785;5326
51001;Anghiari;2621;2722;5343
23003;Angiari;1261;1283;2544
17006;Angolo Terme;1199;1125;2324
65007;Angri;16840;17513;34353
1011;Angrogna;421;373;794
58005;Anguillara Sabazia;9301;9736;19037
28004;Anguillara Veneta;2039;2037;4076
19003;Annicco;999;981;1980
97003;Annone di Brianza;1145;1138;2283
27001;Annone Veneto;2028;1889;3917
80003;Anoia;948;1047;1995
16010;Antegnate;1797;1659;3456
21003;Anterivo/Altrei;197;191;388
7002;Antey-Saint-André;276;276;552
58006;Anticoli Corrado;414;427;841
5003;Antignano;479;478;957
83004;Antillo;390;383;773
80004;Antonimina;583;569;1152
57003;Antrodoco;1156;1082;2238
103001;Antrona Schieranco;198;194;392
66004;Anversa degli Abruzzi;153;151;304
13009;Anzano del Parco;821;854;1675
71003;Anzano di Puglia;511;544;1055
76004;Anzi;701;744;1445
58007;Anzio;30223;29840;60063
37001;Anzola dell'Emilia;6131;6283;12414
103002;Anzola d'Ossola;191;187;378
7003;Aosta;15694;17433;33127
41002;Apecchio;820;843;1663
62003;Apice;2566;2609;5175
43002;Apiro;990;1025;2015
62004;Apollosa;1192;1227;2419
13010;Appiano Gentile;3769;3980;7749
21004;Appiano sulla strada del vino/Eppan an der Weinstraße;7500;7562;15062
43003;Appignano;2022;2097;4119
44005;Appignano del Tronto;798;843;1641
14004;Aprica;698;735;1433
8002;Apricale;306;279;585
71004;Apricena;6299;6187;12486
78012;Aprigliano;1133;1174;2307
59001;Aprilia;37139;37558;74697
65008;Aquara;613;624;1237
8003;Aquila d'Arroscia;78;66;144
30004;Aquileia;1527;1597;3124
64004;Aquilonia;718;663;1381
60007;Aquino;2429;2469;4898
75006;Aradeo;4237;4561;8798
84003;Aragona;4241;4428;8669
5004;Aramengo;304;270;574
93002;Arba;718;626;1344
95006;Arborea;1843;1858;3701
2006;Arborio;442;394;836
111001;Arbus;2740;2792;5532
26002;Arcade;2257;2219;4476
60008;Arce;2685;2691;5376
16011;Arcene;2620;2492;5112
42003;Arcevia;2139;2106;4245
69002;Archi;932;997;1929
53001;Arcidosso;2235;2106;4341
58008;Arcinazzo Romano;643;602;1245
12004;Arcisate;4844;5015;9859
22006;Arco;8676;9071;17747
11002;Arcola;5021;5208;10229
23004;Arcole;3229;3190;6419
15007;Arconate;3341;3530;6871
108004;Arcore;8739;9199;17938
24006;Arcugnano;3807;3788;7595
90005;Ardara;344;336;680
95007;Ardauli;350;388;738
58117;Ardea;26079;25295;51374
14005;Ardenno;1638;1590;3228
16012;Ardesio;1637;1602;3239
80005;Ardore;2435;2471;4906
102002;Arena;565;579;1144
18005;Arena Po;755;775;1530
10001;Arenzano;5316;5818;11134
15009;Arese;9407;10138;19545
51002;Arezzo;47177;49329;96506
13011;Argegno;337;339;676
37002;Argelato;4675;4898;9573
38001;Argenta;10558;10737;21295
4006;Argentera;38;38;76
4007;Arguello;96;94;190
79007;Argusto;190;210;400
69003;Ari;550;521;1071
64005;Ariano Irpino;10090;10567;20657
29002;Ariano nel Polesine;1825;1932;3757
58009;Ariccia;8674;9264;17938
69004;Arielli;512;530;1042
61004;Arienzo;2693;2706;5399
1012;Arignano;559;517;1076
91001;Aritzo;755;517;1272
103003;Arizzano;937;1014;1951
56002;Arlena di Castro;408;383;791
15010;Arluno;6216;6399;12615
3006;Armeno;995;1094;2089
76005;Armento;264;271;535
8004;Armo;61;60;121
111002;Armungia;209;186;395
7004;Arnad;584;631;1215
60009;Arnara;1037;1099;2136
9007;Arnasco;271;258;529
75007;Arnesano;1982;1921;3903
103004;Arola;121;117;238
3008;Arona;6323;7309;13632
13012;Arosio;2592;2635;5227
62005;Arpaia;1011;972;1983
62006;Arpaise;360;362;722
60010;Arpino;3188;3324;6512
28005;Arquà Petrarca;886;895;1781
29003;Arquà Polesine;1292;1286;2578
44006;Arquata del Tronto;473;437;910
6009;Arquata Scrivia;3068;3267;6335
28006;Arre;1046;1043;2089
55005;Arrone;1205;1299;2504
12005;Arsago Seprio;2326;2401;4727
25004;Arsiè;1063;1111;2174
24007;Arsiero;1564;1501;3065
67003;Arsita;360;357;717
58010;Arsoli;634;713;1347
30005;Arta Terme;984;987;1971
30006;Artegna;1405;1493;2898
58011;Artena;6775;6901;13676
17007;Artogne;1862;1852;3714
7005;Arvier;406;413;819
90006;Arzachena;6796;6660;13456
16013;Arzago d'Adda;1392;1375;2767
91002;Arzana;1104;1095;2199
63005;Arzano;15468;16145;31613
28007;Arzergrande;2412;2429;4841
24008;Arzignano;13295;12599;25894
65009;Ascea;3008;2906;5914
52002;Asciano;3338;3444;6782
44007;Ascoli Piceno;22014;23179;45193
71005;Ascoli Satriano;2874;2760;5634
57004;Ascrea;105;90;195
24009;Asiago;3023;3180;6203
24010;Asigliano Veneto;427;414;841
2007;Asigliano Vercellese;697;690;1387
20002;Asola;4863;5007;9870
26003;Asolo;4514;4403;8917
15011;Assago;4569;4779;9348
92003;Assemini;12507;13068;25575
54001;Assisi;13254;14146;27400
13013;Asso;1776;1779;3555
95008;Assolo;168;153;321
86003;Assoro;2359;2390;4749
5005;Asti;35386;38218;73604
95009;Asuni;148;147;295
66005;Ateleta;565;538;1103
76006;Atella;1788;1786;3574
65010;Atena Lucana;1212;1188;2400
69005;Atessa;5037;5171;10208
60011;Atina;1961;2118;4079
65011;Atrani;361;390;751
67004;Atri;4864;4950;9814
64006;Atripalda;4919;5263;10182
55006;Attigliano;996;966;1962
30007;Attimis;813;851;1664
91003;Atzara;495;479;974
89001;Augusta;17260;17437;34697
65012;Auletta;1056;1050;2106
45001;Aulla;5344;5571;10915
103005;Aurano;59;52;111
8005;Aurigo;172;164;336
25005;Auronzo di Cadore;1467;1515;2982
60012;Ausonia;1194;1211;2405
91004;Austis;357;354;711
10002;Avegno;1265;1268;2533
21005;Avelengo/Hafling;425;398;823
64007;Avella;3610;3807;7417
64008;Avellino;24576;27243;51819
16014;Averara;101;78;179
61005;Aversa;23537;25323;48860
73001;Avetrana;2957;3152;6109
66006;Avezzano;20073;21165;41238
93004;Aviano;4511;4462;8973
16015;Aviatico;320;273;593
1013;Avigliana;5896;6139;12035
76007;Avigliano;5069;5249;10318
55033;Avigliano Umbro;1178;1130;2308
22007;Avio;2052;2066;4118
7006;Avise;143;151;294
89002;Avola;15133;15550;30683
6010;Avolasca;123;118;241
7007;Ayas;701;669;1370
7008;Aymavilles;1026;1067;2093
1014;Azeglio;603;621;1224
19004;Azzanello;317;314;631
5006;Azzano d'Asti;184;199;383
93005;Azzano Decimo;7820;7940;15760
17008;Azzano Mella;1824;1695;3519
16016;Azzano San Paolo;3789;3936;7725
12006;Azzate;2262;2390;4652
12007;Azzio;377;381;758
16017;Azzone;178;173;351
103006;Baceno;415;447;862
63006;Bacoli;12071;12712;24783
8006;Badalucco;525;540;1065
90081;Badesi;899;913;1812
21006;Badia/Abtei;1779;1810;3589
23005;Badia Calavena;1362;1345;2707
18006;Badia Pavese;220;188;408
29004;Badia Polesine;5199;5179;10378
51003;Badia Tedalda;499;442;941
79008;Badolato;1360;1469;2829
80006;Bagaladi;442;474;916
82006;Bagheria;25946;27206;53152
39002;Bagnacavallo;8165;8354;16519
80007;Bagnara Calabra;4527;4575;9102
39003;Bagnara di Romagna;1160;1157;2317
18007;Bagnaria;301;321;622
30008;Bagnaria Arsa;1674;1729;3403
4008;Bagnasco;458;471;929
16018;Bagnatica;2237;2211;4448
46002;Bagni di Lucca;2741;2735;5476
48001;Bagno a Ripoli;11771;13035;24806
40001;Bagno di Romagna;2734;2850;5584
94003;Bagnoli del Trigno;320;287;607
28008;Bagnoli di Sopra;1704;1657;3361
64009;Bagnoli Irpino;1524;1466;2990
19005;Bagnolo Cremasco;2569;2546;5115
75008;Bagnolo del Salento;844;854;1698
29005;Bagnolo di Po;629;574;1203
35002;Bagnolo in Piano;4744;4844;9588
17009;Bagnolo Mella;6304;6232;12536
4009;Bagnolo Piemonte;2812;2873;5685
20003;Bagnolo San Vito;2929;2926;5855
45002;Bagnone;833;853;1686
56003;Bagnoregio;1606;1652;3258
17010;Bagolino;1878;1860;3738
61006;Baia e Latina;984;998;1982
64010;Baiano;2097;2274;4371
1015;Bairo;366;412;778
35003;Baiso;1696;1572;3268
8007;Bajardo;205;147;352
1016;Balangero;1493;1602;3095
5007;Baldichieri d'Asti;551;553;1104
1017;Baldissero Canavese;241;252;493
4010;Baldissero d'Alba;531;512;1043
1018;Baldissero Torinese;1801;1891;3692
82007;Balestrate;3046;3333;6379
9008;Balestrino;258;264;522
97004;Ballabio;2144;2037;4181
111003;Ballao;359;347;706
1019;Balme;51;46;97
2008;Balmuccia;53;62;115
2009;Balocco;122;88;210
66007;Balsorano;1581;1615;3196
76008;Balvano;859;791;1650
6011;Balzola;637;615;1252
90007;Banari;258;250;508
1020;Banchette;1494;1603;3097
103007;Bannio Anzino;235;218;453
76009;Banzi;571;560;1131
28009;Baone;1523;1501;3024
95010;Baradili;40;40;80
76010;Baragiano;1237;1240;2477
70002;Baranello;1217;1207;2424
63007;Barano d'Ischia;4930;5023;9953
15250;Baranzate;6402;5727;12129
12008;Barasso;812;869;1681
95011;Baratili San Pietro;587;607;1194
1021;Barbania;787;776;1563
42004;Barbara;640;627;1267
24124;Barbarano Mossano;3101;3087;6188
56004;Barbarano Romano;500;480;980
4011;Barbaresco;300;300;600
17011;Barbariga;1173;1134;2307
16019;Barbata;354;341;695
48002;Barberino di Mugello;5473;5508;10981
48054;Barberino Tavarnelle;5985;5998;11983
18008;Barbianello;444;444;888
21007;Barbiano/Barbian;891;897;1788
28010;Barbona;292;275;567
83005;Barcellona Pozzo di Gotto;19490;20266;39756
93006;Barcis;112;113;225
7009;Bard;40;59;99
12144;Bardello con Malgesso e Bregano;1788;1841;3629
34002;Bardi;993;954;1947
9009;Bardineto;379;385;764
23006;Bardolino;3320;3496;6816
1022;Bardonecchia;1435;1418;2853
15012;Bareggio;8450;8821;17271
3012;Barengo;365;369;734
95012;Baressa;263;265;528
66008;Barete;329;305;634
46003;Barga;4619;4674;9293
10003;Bargagli;1256;1222;2478
4012;Barge;3806;3704;7510
17012;Barghe;608;530;1138
72006;Bari;152764;163484;316248
16020;Bariano;2230;2102;4332
37003;Baricella;3586;3621;7207
76011;Barile;1228;1263;2491
91005;Bari Sardo;1825;1945;3770
66009;Barisciano;824;813;1637
108005;Barlassina;3452;3533;6985
110002;Barletta;45661;46406;92067
13015;Barni;304;307;611
4013;Barolo;292;321;613
1023;Barone Canavese;264;261;525
65013;Baronissi;8272;8516;16788
86004;Barrafranca;5402;6054;11456
111004;Barrali;566;521;1087
66010;Barrea;343;334;677
111005;Barumini;553;531;1084
97005;Barzago;1199;1208;2407
16021;Barzana;1067;972;2039
97006;Barzanò;2463;2584;5047
97007;Barzio;631;638;1269
6012;Basaluzzo;997;1012;2009
18009;Bascapè;966;859;1825
55007;Baschi;1264;1280;2544
67005;Basciano;1169;1143;2312
22009;Baselga di Pinè;2673;2653;5326
62007;Baselice;935;1045;1980
15014;Basiano;1841;1804;3645
83006;Basicò;290;324;614
15015;Basiglio;3859;4168;8027
30009;Basiliano;2558;2590;5148
17013;Bassano Bresciano;1211;1152;2363
24012;Bassano del Grappa;20323;21956;42279
56006;Bassano in Teverina;631;641;1272
56005;Bassano Romano;2344;2336;4680
59002;Bassiano;721;711;1432
6013;Bassignana;790;784;1574
4014;Bastia Mondovì;311;317;628
54002;Bastia Umbra;10445;11052;21497
18011;Bastida Pancarana;471;450;921
36001;Bastiglia;2116;2128;4244
28011;Battaglia Terme;1930;1939;3869
4015;Battifollo;162;94;256
65014;Battipaglia;24515;24989;49504
18012;Battuda;328;307;635
82008;Baucina;912;926;1838
95013;Bauladu;305;308;613
91006;Baunei;1656;1710;3366
103008;Baveno;2188;2316;4504
12010;Bedero Valcuvia;344;320;664
17014;Bedizzole;6082;6184;12266
22011;Bedollo;756;744;1500
34003;Bedonia;1536;1567;3103
16022;Bedulita;353;359;712
103009;Bee;379;398;777
1024;Beinasco;8334;8938;17272
4016;Beinette;1780;1760;3540
79009;Belcastro;622;589;1211
23007;Belfiore;1775;1633;3408
41005;Belforte all'Isauro;369;359;728
43004;Belforte del Chienti;911;918;1829
6014;Belforte Monferrato;250;236;486
18013;Belgioioso;3137;3302;6439
103010;Belgirate;206;244;450
76012;Bella;2267;2263;4530
13250;Bellagio;1698;1811;3509
97008;Bellano;1667;1690;3357
67006;Bellante;3383;3450;6833
99001;Bellaria-Igea Marina;9601;9961;19562
58012;Bellegra;1258;1320;2578
4017;Bellino;52;47;99
15016;Bellinzago Lombardo;1849;1879;3728
3016;Bellinzago Novarese;4656;4688;9344
65158;Bellizzi;6591;6739;13330
61007;Bellona;2982;3073;6055
65015;Bellosguardo;317;322;639
25006;Belluno;17070;18429;35499
108006;Bellusco;3699;3788;7487
78013;Belmonte Calabro;802;862;1664
60013;Belmonte Castello;333;324;657
94004;Belmonte del Sannio;287;315;602
57005;Belmonte in Sabina;319;334;653
82009;Belmonte Mezzagno;5222;5456;10678
109003;Belmonte Piceno;263;282;545
87007;Belpasso;14064;14257;28321
78014;Belsito;461;431;892
101001;Belvedere di Spinello;920;958;1878
4018;Belvedere Langhe;160;173;333
78015;Belvedere Marittimo;4282;4645;8927
42005;Belvedere Ostrense;1019;1051;2070
5008;Belveglio;144;148;292
91007;Belvì;279;250;529
14006;Bema;59;58;117
13021;Bene Lario;175;174;349
80008;Benestare;1252;1237;2489
90008;Benetutti;790;833;1623
4019;Bene Vagienna;1842;1803;3645
4020;Benevello;221;236;457
62008;Benevento;26517;28813;55330
96003;Benna;568;589;1157
37005;Bentivoglio;2932;2923;5855
16023;Berbenno;1251;1275;2526
14007;Berbenno di Valtellina;2064;2002;4066
34004;Berceto;1019;898;1917
90009;Berchidda;1288;1316;2604
13022;Beregazzo con Figliaro;1385;1440;2825
18014;Bereguardo;1442;1414;2856
6015;Bergamasco;326;336;662
16024;Bergamo;57636;62993;120629
29006;Bergantino;1146;1194;2340
9010;Bergeggi;506;527;1033
4021;Bergolo;26;25;51
17015;Berlingo;1407;1344;2751
77003;Bernalda;6087;5835;11922
108007;Bernareggio;5878;5828;11706
15019;Bernate Ticino;1439;1480;2919
4022;Bernezzo;2138;2138;4276
40003;Bertinoro;5520;5673;11193
30010;Bertiolo;1145;1185;2330
98002;Bertonico;552;529;1081
5009;Berzano di San Pietro;224;180;404
6016;Berzano di Tortona;81;82;163
17016;Berzo Demo;739;705;1444
17017;Berzo Inferiore;1275;1247;2522
16025;Berzo San Fermo;757;699;1456
108008;Besana in Brianza;7663;7840;15503
12011;Besano;1228;1285;2513
15022;Besate;1014;1036;2050
22013;Besenello;1428;1406;2834
33003;Besenzone;498;438;936
12012;Besnate;2677;2761;5438
12013;Besozzo;4180;4537;8717
90010;Bessude;178;191;369
33004;Bettola;1367;1260;2627
54003;Bettona;2057;2190;4247
103011;Beura-Cardezza;735;694;1429
54004;Bevagna;2333;2403;4736
11003;Beverino;1141;1143;2284
23008;Bevilacqua;944;873;1817
87008;Biancavilla;11160;11757;22917
78016;Bianchi;590;551;1141
80009;Bianco;2128;2170;4298
3018;Biandrate;716;668;1384
12014;Biandronno;1557;1633;3190
16026;Bianzano;324;318;642
2011;Bianzè;917;952;1869
14008;Bianzone;637;626;1263
108009;Biassono;6026;6404;12430
35004;Bibbiano;5075;5124;10199
51004;Bibbiena;6022;5949;11971
49001;Bibbona;1613;1559;3172
1025;Bibiana;1761;1601;3362
71006;Biccari;1291;1288;2579
30011;Bicinicco;867;866;1733
95014;Bidonì;59;53;112
96004;Biella;20754;22602;43356
17018;Bienno;1862;1894;3756
22015;Bieno;235;246;481
50001;Bientina;4207;4474;8681
13023;Binago;2393;2421;4814
15024;Binasco;3329;3739;7068
72008;Binetto;1075;1109;2184
96005;Bioglio;455;433;888
7010;Bionaz;113;99;212
17019;Bione;656;663;1319
91008;Birori;233;248;481
64011;Bisaccia;1740;1684;3424
82010;Bisacquino;1950;1988;3938
110003;Bisceglie;26342;26900;53242
66011;Bisegna;99;113;212
67007;Bisenti;829;813;1642
78017;Bisignano;4724;4704;9428
6017;Bistagno;825;867;1692
12015;Bisuschio;2062;2191;4253
72010;Bitetto;5733;6012;11745
72011;Bitonto;26076;26792;52868
72012;Bitritto;5583;5873;11456
91009;Bitti;1190;1286;2476
84004;Bivona;1451;1549;3000
80010;Bivongi;547;584;1131
13024;Bizzarone;906;883;1789
22017;Bleggio Superiore;788;757;1545
16027;Blello;35;36;71
56007;Blera;1443;1452;2895
13025;Blessagno;160;153;313
13026;Blevio;474;528;1002
82082;Blufi;394;428;822
28012;Boara Pisani;1201;1161;2362
33005;Bobbio;1599;1745;3344
1026;Bobbio Pellice;257;270;527
3019;Boca;569;576;1145
78018;Bocchigliero;502;536;1038
2014;Boccioleto;80;87;167
22018;Bocenago;211;199;410
12016;Bodio Lomnago;1088;1167;2255
98003;Boffalora d'Adda;860;877;1737
15026;Boffalora sopra Ticino;2025;2079;4104
10004;Bogliasco;2049;2200;4249
103012;Bognanco;112;86;198
3021;Bogogno;647;677;1324
9011;Boissano;1324;1260;2584
70003;Bojano;3705;3791;7496
11004;Bolano;3685;3771;7456
16028;Bolgare;3394;3337;6731
15027;Bollate;17808;18946;36754
1027;Bollengo;1057;1042;2099
37006;Bologna;188003;203470;391473
68003;Bolognano;508;495;1003
82011;Bolognetta;2012;2062;4074
43005;Bolognola;81;67;148
91010;Bolotana;1042;1202;2244
56008;Bolsena;1789;1860;3649
16029;Boltiere;3165;3020;6185
21008;Bolzano/Bozen;51726;55175;106901
3022;Bolzano Novarese;572;538;1110
24013;Bolzano Vicentino;3275;3230;6505
56009;Bomarzo;874;821;1695
69006;Bomba;345;341;686
85002;Bompensiere;224;244;468
82012;Bompietro;544;596;1140
36002;Bomporto;5246;5152;10398
95015;Bonarcado;752;769;1521
11005;Bonassola;364;397;761
16030;Bonate Sopra;5358;5294;10652
16031;Bonate Sotto;3318;3327;6645
23009;Bonavigo;1074;916;1990
38003;Bondeno;7090;7089;14179
22021;Bondone;316;311;627
62009;Bonea;674;662;1336
70004;Bonefro;561;567;1128
19006;Bonemerse;702;732;1434
78019;Bonifati;1207;1297;2504
64012;Bonito;1084;1085;2169
90011;Bonnanaro;435;459;894
90012;Bono;1602;1630;3232
90013;Bonorva;1542;1488;3030
4023;Bonvicino;49;53;102
57006;Borbona;302;271;573
25007;Borca di Cadore;403;387;790
30012;Bordano;337;352;689
8008;Bordighera;4850;5516;10366
19007;Bordolano;322;280;602
34005;Bore;317;302;619
35005;Boretto;2747;2709;5456
18015;Borgarello;1377;1452;2829
1028;Borgaro Torinese;5586;5937;11523
82013;Borgetto;3550;3617;7167
8009;Borghetto d'Arroscia;210;179;389
6018;Borghetto di Borbera;967;922;1889
11006;Borghetto di Vara;460;468;928
98004;Borghetto Lodigiano;2242;2188;4430
9012;Borghetto Santo Spirito;2174;2375;4549
40004;Borghi;1499;1416;2915
79011;Borgia;3517;3668;7185
1029;Borgiallo;301;286;587
9013;Borgio Verezzi;1023;1058;2081
46004;Borgo a Mozzano;3297;3386;6683
20073;Borgocarbonara;941;931;1872
22238;Borgo Chiese;971;955;1926
2015;Borgo d'Ale;1112;1086;2198
22252;Borgo d'Anaunia;1333;1268;2601
16032;Borgo di Terzo;629;596;1225
1030;Borgofranco d'Ivrea;1644;1780;3424
22239;Borgo Lares;378;356;734
3023;Borgolavezzaro;989;1036;2025
4024;Borgomale;173;199;372
3024;Borgomanero;10190;11012;21202
20072;Borgo Mantovano;2651;2728;5379
8010;Borgomaro;431;392;823
1031;Borgomasino;374;396;770
103078;Borgomezzavalle;148;136;284
1032;Borgone Susa;1150;1100;2250
33006;Borgonovo Val Tidone;4234;4071;8305
41006;Borgo Pace;253;267;520
18016;Borgo Priolo;625;588;1213
6019;Borgoratto Alessandrino;257;277;534
18017;Borgoratto Mormorolo;192;195;387
28013;Borgoricco;4563;4521;9084
57007;Borgorose;2170;2040;4210
4025;Borgo San Dalmazzo;6230;6388;12618
17020;Borgo San Giacomo;2859;2731;5590
98005;Borgo San Giovanni;1219;1225;2444
48004;Borgo San Lorenzo;9008;9404;18412
6020;Borgo San Martino;687;646;1333
18018;Borgo San Siro;485;476;961
17021;Borgosatollo;4590;4509;9099
2016;Borgosesia;5694;6257;11951
3025;Borgo Ticino;2581;2564;5145
37007;Borgo Tossignano;1613;1618;3231
25074;Borgo Valbelluna;6764;6856;13620
34006;Borgo Val di Taro;3334;3402;6736
22022;Borgo Valsugana;3628;3624;7252
57008;Borgo Velino;440;461;901
28107;Borgo Veneto;3565;3480;7045
2017;Borgo Vercelli;1097;1134;2231
20071;Borgo Virgilio;7473;7579;15052
9014;Bormida;160;146;306
14009;Bormio;1924;1984;3908
18019;Bornasco;1333;1323;2656
17022;Borno;1183;1220;2403
95016;Boroneddu;61;74;135
91011;Borore;940;962;1902
69007;Borrello;160;168;328
96006;Borriana;415;440;855
26004;Borso del Grappa;3013;2958;5971
91012;Bortigali;578;640;1218
90014;Bortigiadas;350;342;692
90015;Borutta;121;123;244
10005;Borzonasca;934;897;1831
95079;Bosa;3560;3732;7292
29007;Bosaro;725;687;1412
23010;Boschi Sant'Anna;689;696;1385
23011;Bosco Chiesanuova;1924;1669;3593
6021;Bosco Marengo;1097;1043;2140
1033;Bosconero;1499;1545;3044
63008;Boscoreale;12587;13058;25645
63009;Boscotrecase;4781;5015;9796
4026;Bosia;81;87;168
6022;Bosio;543;494;1037
97009;Bosisio Parini;1606;1593;3199
18020;Bosnasco;317;307;624
16033;Bossico;492;473;965
4027;Bossolasco;316;348;664
79012;Botricello;2464;2558;5022
75009;Botrugno;1235;1335;2570
16034;Bottanuco;2587;2498;5085
17023;Botticino;5314;5535;10849
90016;Bottidda;311;316;627
80011;Bova;247;213;460
80012;Bovalino;4245;4498;8743
80013;Bova Marina;1966;1959;3925
17024;Bovegno;986;1026;2012
4028;Boves;4771;4841;9612
17025;Bovezzo;3608;3778;7386
60014;Boville Ernica;4084;4130;8214
71007;Bovino;1431;1431;2862
108010;Bovisio-Masciago;8258;8695;16953
28014;Bovolenta;1712;1682;3394
23012;Bovolone;8227;8165;16392
6023;Bozzole;189;154;343
20007;Bozzolo;2043;2038;4081
4029;Bra;14538;15292;29830
16035;Bracca;359;346;705
58013;Bracciano;8848;9501;18349
65016;Bracigliano;2713;2630;5343
21009;Braies/Prags;347;343;690
18021;Brallo di Pregola;255;218;473
80014;Brancaleone;1543;1581;3124
17026;Brandico;902;865;1767
1034;Brandizzo;4274;4498;8772
16036;Branzi;308;304;612
17027;Braone;347;334;681
12017;Brebbia;1541;1596;3137
26005;Breda di Piave;3804;3838;7642
24014;Breganze;4033;4271;8304
13028;Bregnano;3240;3162;6402
16037;Brembate;4450;4295;8745
16038;Brembate di Sopra;4013;4055;8068
98006;Brembio;1459;1348;2807
18022;Breme;372;353;725
24015;Brendola;3314;3295;6609
13029;Brenna;1115;1079;2194
21010;Brennero/Brenner;1266;1168;2434
17028;Breno;2322;2352;4674
12019;Brenta;832;850;1682
23013;Brentino Belluno;702;666;1368
22025;Brentonico;2102;2082;4184
23014;Brenzone sul Garda;1136;1300;2436
35006;Brescello;2834;2722;5556
17029;Brescia;97804;103538;201342
22026;Bresimo;120;120;240
18023;Bressana Bottarone;1722;1760;3482
21011;Bressanone/Brixen;11427;11923;23350
24016;Bressanvido;1554;1529;3083
15032;Bresso;13201;13471;26672
12020;Brezzo di Bedero;627;587;1214
4030;Briaglia;165;146;311
102003;Briatico;1815;1763;3578
1035;Bricherasio;2303;2308;4611
13030;Brienno;152;159;311
76013;Brienza;1960;1884;3844
4031;Briga Alta;25;16;41
3026;Briga Novarese;1313;1417;2730
6024;Brignano-Frascata;220;200;420
16040;Brignano Gera d'Adda;3122;3145;6267
74001;Brindisi;39099;42082;81181
76014;Brindisi Montagna;393;364;757
12021;Brinzio;403;362;765
3027;Briona;540;589;1129
17030;Brione;408;351;759
108011;Briosco;3021;3110;6131
39004;Brisighella;3639;3542;7181
12022;Brissago-Valtravaglia;647;669;1316
7011;Brissogne;500;479;979
68004;Brittoli;120;116;236
97010;Brivio;2217;2134;4351
60015;Broccostella;1281;1328;2609
24017;Brogliano;2008;2003;4011
102004;Brognaturo;414;305;719
83007;Brolo;2713;2999;5712
4032;Brondello;144;116;260
18024;Broni;4988;5176;10164
87009;Bronte;8767;9334;18101
21012;Bronzolo/Branzoll;1402;1422;2824
4033;Brossasco;488;491;979
1036;Brosso;189;198;387
103013;Brovello-Carpugnino;412;392;804
1037;Brozolo;214;209;423
108012;Brugherio;17235;18236;35471
28015;Brugine;3573;3605;7178
11007;Brugnato;628;663;1291
93007;Brugnera;4608;4584;9192
1038;Bruino;4097;4267;8364
16041;Brumano;75;60;135
13032;Brunate;778;794;1572
12023;Brunello;444;474;918
21013;Brunico/Bruneck;8538;8628;17166
5010;Bruno;146;159;305
16042;Brusaporto;2827;2877;5704
1039;Brusasco;754;741;1495
63010;Brusciano;7937;8212;16149
12024;Brusimpiano;589;585;1174
96007;Brusnengo;892;953;1845
7012;Brusson;410;413;823
1040;Bruzolo;751;762;1513
80015;Bruzzano Zeffirio;493;517;1010
15035;Bubbiano;1238;1208;2446
5011;Bubbio;387;406;793
89003;Buccheri;788;904;1692
69008;Bucchianico;2419;2473;4892
62010;Bucciano;950;1000;1950
15036;Buccinasco;12692;13653;26345
65017;Buccino;2221;2241;4462
51005;Bucine;4891;5015;9906
90017;Buddusò;1755;1732;3487
93008;Budoia;1260;1301;2561
90091;Budoni;2841;2844;5685
37008;Budrio;9076;9418;18494
111006;Buggerru;519;488;1007
47003;Buggiano;4245;4493;8738
14010;Buglio in Monte;1025;1032;2057
66012;Bugnara;510;488;998
12025;Buguggiate;1521;1594;3115
30013;Buja;3075;3261;6336
97011;Bulciago;1494;1431;2925
13034;Bulgarograsso;2000;1957;3957
90018;Bultei;379;397;776
90019;Bulzi;262;245;507
65018;Buonabitacolo;1189;1265;2454
62011;Buonalbergo;728;750;1478
52003;Buonconvento;1424;1512;2936
78020;Buonvicino;937;1034;1971
108013;Burago di Molgora;2138;2232;4370
111007;Burcei;1286;1285;2571
84005;Burgio;1182;1227;2409
90020;Burgos;401;416;817
1041;Buriasco;635;654;1289
1042;Burolo;520;575;1095
2021;Buronzo;429;433;862
95017;Busachi;537;562;1099
10006;Busalla;2502;2608;5110
1043;Busano;807;771;1578
4034;Busca;5164;5064;10228
15038;Buscate;2349;2347;4696
89004;Buscemi;479;456;935
81002;Buseto Palizzolo;1327;1400;2727
108051;Busnago;3429;3453;6882
15040;Bussero;4017;4369;8386
34007;Busseto;3470;3432;6902
68005;Bussi sul Tirino;1089;1099;2188
70005;Busso;568;574;1142
23015;Bussolengo;10353;10684;21037
1044;Bussoleno;2811;2955;5766
12026;Busto Arsizio;40942;43653;84595
15041;Busto Garolfo;7056;7075;14131
85003;Butera;1999;2054;4053
50002;Buti;2725;2807;5532
23016;Buttapietra;3538;3493;7031
1045;Buttigliera Alta;3074;3148;6222
5012;Buttigliera d'Asti;1272;1233;2505
30014;Buttrio;1947;1951;3898
6025;Cabella Ligure;217;220;437
13035;Cabiate;3668;3736;7404
95018;Cabras;4415;4311;8726
82014;Caccamo;3713;3816;7529
101002;Caccuri;751;746;1497
12027;Cadegliano-Viconago;1015;1105;2120
35008;Cadelbosco di Sopra;5285;5442;10727
33007;Cadeo;3029;3087;6116
22029;Caderzone Terme;357;335;692
28016;Cadoneghe;7661;8102;15763
13036;Cadorago;4037;4014;8051
12143;Cadrezzate con Osmate;1358;1384;2742
26006;Caerano di San Marco;3854;3965;7819
1046;Cafasse;1688;1700;3388
65019;Caggiano;1266;1220;2486
41007;Cagli;3889;3989;7878
92009;Cagliari;68229;77752;145981
13037;Caglio;247;229;476
66013;Cagnano Amiterno;551;528;1079
71008;Cagnano Varano;3204;3321;6525
61008;Caianello;959;866;1825
61009;Caiazzo;2473;2604;5077
21014;Caines/Kuens;185;201;386
17031;Caino;1125;1055;2180
14011;Caiolo;540;494;1034
64013;Cairano;142;139;281
12029;Cairate;3906;3980;7886
9015;Cairo Montenotte;6517;6443;12960
63011;Caivano;17688;18198;35886
64014;Calabritto;1039;1057;2096
25008;Calalzo di Cadore;883;916;1799
5013;Calamandrana;813;830;1643
84006;Calamonaci;553;574;1127
90021;Calangianus;1842;1850;3692
80016;Calanna;356;379;735
103014;Calasca-Castiglione;287;294;581
86005;Calascibetta;1930;2018;3948
66014;Calascio;65;54;119
111008;Calasetta;1393;1383;2776
87010;Calatabiano;2550;2595;5145
81003;Calatafimi-Segesta;2942;3013;5955
56010;Calcata;429;476;905
22032;Calceranica al Lago;696;701;1397
50003;Calci;3036;3227;6263
77004;Calciano;312;304;616
50004;Calcinaia;6283;6541;12824
16043;Calcinate;3235;3019;6254
17032;Calcinato;6678;6469;13147
16044;Calcio;2891;2660;5551
97012;Calco;2731;2745;5476
43006;Caldarola;806;815;1621
21015;Caldaro sulla strada del vino/Kaltern an der Weinstraße;4064;4237;8301
37009;Calderara di Reno;6767;7000;13767
22033;Caldes;558;564;1122
23017;Caldiero;4120;4040;8160
24018;Caldogno;5552;5752;11304
22034;Caldonazzo;1946;2064;4010
33008;Calendasco;1246;1219;2465
48005;Calenzano;8843;9165;18008
34008;Calestano;1143;1040;2183
11008;Calice al Cornoviglio;523;500;1023
9016;Calice Ligure;816;858;1674
75010;Calimera;3155;3478;6633
64015;Calitri;2004;2086;4090
9017;Calizzano;719;738;1457
96008;Callabiana;73;72;145
22035;Calliano;1048;1009;2057
5014;Calliano Monferrato;629;606;1235
97013;Calolziocorte;6695;6898;13593
78021;Calopezzati;609;615;1224
5015;Calosso;574;528;1102
78022;Caloveto;505;541;1046
84007;Caltabellotta;1474;1591;3065
87011;Caltagirone;17428;17945;35373
85004;Caltanissetta;28223;29699;57922
82015;Caltavuturo;1629;1694;3323
3030;Caltignaga;1230;1223;2453
29008;Calto;365;334;699
24019;Caltrano;1268;1276;2544
16046;Calusco d'Adda;4239;4193;8432
1047;Caluso;3563;3775;7338
17033;Calvagese della Riviera;1850;1829;3679
65020;Calvanico;707;700;1407
19009;Calvatone;594;536;1130
76015;Calvello;815;894;1709
24020;Calvene;636;634;1270
16047;Calvenzano;2250;2285;4535
76016;Calvera;179;168;347
62012;Calvi;1234;1231;2465
55008;Calvi dell'Umbria;817;843;1660
18025;Calvignano;54;58;112
15042;Calvignasco;609;592;1201
61010;Calvi Risorta;2607;2773;5380
17034;Calvisano;4339;4122;8461
63012;Calvizzano;6575;6294;12869
6026;Camagna Monferrato;221;243;464
46005;Camaiore;15373;16390;31763
96009;Camandona;166;155;321
84008;Camastra;1006;967;1973
15044;Cambiago;3689;3642;7331
1048;Cambiano;2848;3036;5884
103015;Cambiasca;780;850;1630
96010;Camburzano;546;581;1127
4035;Camerana;277;274;551
42006;Camerano;3417;3580;6997
5016;Camerano Casasco;213;208;421
16048;Camerata Cornello;268;277;545
58014;Camerata Nuova;217;186;403
42007;Camerata Picena;1240;1241;2481
3032;Cameri;5323;5544;10867
43007;Camerino;2871;3064;5935
65021;Camerota;3344;3397;6741
61011;Camigliano;987;984;1971
80017;Camini;386;407;793
6027;Camino;372;358;730
30015;Camino al Tagliamento;756;752;1508
19010;Camisano;633;620;1253
24021;Camisano Vicentino;5467;5618;11085
84009;Cammarata;2889;2912;5801
10007;Camogli;2374;2424;4798
65022;Campagna;8867;8327;17194
27002;Campagna Lupia;3503;3613;7116
58015;Campagnano di Roma;5332;5655;10987
53002;Campagnatico;1238;1107;2345
19011;Campagnola Cremasca;319;330;649
35009;Campagnola Emilia;2792;2759;5551
78023;Campana;663;674;1337
108014;Camparada;1206;1055;2261
35010;Campegine;2671;2743;5414
54005;Campello sul Clitunno;1138;1173;2311
2025;Campertogno;110;116;226
48006;Campi Bisenzio;23602;23833;47435
96086;Campiglia Cervo;260;228;488
24022;Campiglia dei Berici;831;838;1669
49002;Campiglia Marittima;5914;6321;12235
1049;Campiglione Fenile;639;658;1297
13040;Campione d'Italia;925;923;1848
75011;Campi Salentina;4625;4990;9615
22036;Campitello di Fassa;324;337;661
67008;Campli;3347;3265;6612
70006;Campobasso;23098;24301;47399
84010;Campobello di Licata;4335;4538;8873
81004;Campobello di Mazara;5567;5554;11121
80018;Campo Calabro;2223;2289;4512
70007;Campochiaro;272;284;556
28017;Campodarsego;7492;7636;15128
22037;Campodenno;804;728;1532
66015;Campo di Giove;372;370;742
59003;Campodimele;285;260;545
70008;Campodipietra;1182;1221;2403
21016;Campo di Trens/Freienfeld;1458;1353;2811
14012;Campodolcino;458;456;914
28018;Campodoro;1424;1303;2727
82016;Campofelice di Fitalia;217;194;411
82017;Campofelice di Roccella;3881;3989;7870
109004;Campofilone;971;959;1930
82018;Campofiorito;554;559;1113
30016;Campoformido;3863;3969;7832
85005;Campofranco;1168;1344;2512
36003;Campogalliano;4215;4301;8516
62013;Campolattaro;465;494;959
60016;Campoli Appennino;778;818;1596
62014;Campoli del Monte Taburno;934;708;1642
70009;Campolieto;393;400;793
10008;Campo Ligure;1416;1405;2821
27003;Campolongo Maggiore;5348;5350;10698
30138;Campolongo Tapogliano;544;561;1105
76017;Campomaggiore;338;351;689
70010;Campomarino;4101;3873;7974
10009;Campomorone;3147;3285;6432
49003;Campo nell'Elba;2326;2303;4629
27004;Camponogara;6346;6633;12979
65023;Campora;151;146;297
82019;Camporeale;1404;1438;2842
46006;Camporgiano;980;1002;1982
8011;Camporosso;2847;2941;5788
43008;Camporotondo di Fiastrone;225;236;461
87012;Camporotondo Etneo;2624;2584;5208
28019;Camposampiero;5934;5944;11878
28020;Campo San Martino;2787;2760;5547
63013;Camposano;2408;2602;5010
36004;Camposanto;1723;1674;3397
18026;Campospinoso Albaredo;659;674;1333
66016;Campotosto;226;202;428
21017;Campo Tures/Sand in Taufers;2942;2935;5877
37010;Camugnano;951;960;1911
4037;Canale;2681;2723;5404
25023;Canale d'Agordo;515;530;1045
58016;Canale Monterano;2024;2140;4164
22038;Canal San Bovo;718;766;1484
29009;Canaro;1272;1297;2569
22039;Canazei;904;999;1903
76018;Cancellara;536;552;1088
61012;Cancello ed Arnone;3021;2762;5783
29010;Canda;397;415;812
71009;Candela;1393;1303;2696
96012;Candelo;3484;3712;7196
1050;Candia Canavese;544;599;1143
18027;Candia Lomellina;837;725;1562
28021;Candiana;1115;1027;2142
64016;Candida;564;519;1083
80019;Candidoni;214;193;407
1051;Candiolo;2779;2784;5563
15046;Canegrate;6298;6591;12889
5017;Canelli;4924;5090;10014
56011;Canepina;1447;1453;2900
93009;Caneva;3050;3144;6194
84011;Canicattì;16691;17558;34249
89005;Canicattini Bagni;3122;3360;6482
56012;Canino;2556;2473;5029
1052;Canischio;136;133;269
66017;Canistro;506;443;949
78024;Canna;286;291;577
65024;Cannalonga;476;463;939
54006;Cannara;2040;2129;4169
103016;Cannero Riviera;443;442;885
18029;Canneto Pavese;646;639;1285
20008;Canneto sull'Oglio;2273;2172;4445
103017;Cannobio;2430;2582;5012
75012;Cannole;791;777;1568
80020;Canolo;340;344;684
16049;Canonica d'Adda;2210;2083;4293
110004;Canosa di Puglia;13579;13696;27275
69010;Canosa Sannita;591;616;1207
4038;Canosio;39;37;76
35018;Canossa;1940;1856;3796
66018;Cansano;100;116;216
100001;Cantagallo;1587;1501;3088
57009;Cantalice;1202;1184;2386
1053;Cantalupa;1268;1313;2581
57010;Cantalupo in Sabina;814;843;1657
6028;Cantalupo Ligure;209;222;431
94005;Cantalupo nel Sannio;393;333;726
5018;Cantarana;493;481;974
12030;Cantello;2367;2499;4866
58017;Canterano;186;157;343
41008;Cantiano;999;963;1962
1054;Cantoira;356;289;645
13041;Cantù;19917;20534;40451
67009;Canzano;870;866;1736
13042;Canzo;2555;2668;5223
27005;Caorle;5311;5667;10978
33010;Caorso;2437;2360;4797
65025;Capaccio Paestum;11518;10945;22463
82020;Capaci;5663;5819;11482
53003;Capalbio;1764;1896;3660
50005;Capannoli;3110;3229;6339
46007;Capannori;23252;23487;46739
58018;Capena;5609;5462;11071
19012;Capergnanica;1104;1046;2150
66019;Capestrano;392;419;811
13043;Capiago Intimiano;2658;2775;5433
102005;Capistrano;454;477;931
66020;Capistrello;2238;2358;4596
66021;Capitignano;304;298;602
83008;Capizzi;1320;1387;2707
16050;Capizzone;616;619;1235
56013;Capodimonte;811;836;1647
17035;Capo di Ponte;1131;1162;2293
83009;Capo d'Orlando;6137;6928;13065
61013;Capodrise;4913;5090;10003
49004;Capoliveri;1974;1996;3970
51006;Capolona;2552;2651;5203
108052;Caponago;2523;2527;5050
66022;Caporciano;113;88;201
64017;Caposele;1572;1613;3185
92011;Capoterra;11463;11552;23015
17036;Capovalle;163;169;332
66023;Cappadocia;340;248;588
19013;Cappella Cantone;271;267;538
19014;Cappella de' Picenardi;232;190;422
26007;Cappella Maggiore;2303;2359;4662
68006;Cappelle sul Tavo;2014;2092;4106
94006;Capracotta;381;361;742
48008;Capraia e Limite;3833;3971;7804
49005;Capraia Isola;186;161;347
19015;Capralba;1162;1131;2293
56014;Capranica;3100;3251;6351
58019;Capranica Prenestina;171;139;310
75013;Caprarica di Lecce;1066;1177;2243
56015;Caprarola;2577;2583;5160
4039;Caprauna;44;34;78
51007;Caprese Michelangelo;653;672;1325
103018;Caprezzo;94;81;175
63014;Capri;3336;3369;6705
22040;Capriana;308;290;598
17037;Capriano del Colle;2542;2375;4917
6029;Capriata d'Orba;896;880;1776
16051;Capriate San Gervasio;4220;4096;8316
61014;Capriati a Volturno;671;710;1381
1055;Caprie;1020;994;2014
64018;Capriglia Irpina;1095;1089;2184
5019;Capriglio;162;133;295
96013;Caprile;100;91;191
83010;Capri Leone;2126;2275;4401
16052;Caprino Bergamasco;1594;1493;3087
23018;Caprino Veronese;4349;4426;8775
17038;Capriolo;4765;4640;9405
31001;Capriva del Friuli;748;818;1566
61015;Capua;8904;9113;18017
72014;Capurso;7340;7767;15107
80021;Caraffa del Bianco;205;224;429
79017;Caraffa di Catanzaro;855;827;1682
4040;Caraglio;3447;3395;6842
4041;Caramagna Piemonte;1505;1508;3013
68007;Caramanico Terme;855;848;1703
71010;Carapelle;3405;3463;6868
66024;Carapelle Calvisio;36;32;68
10010;Carasco;1824;1883;3707
44010;Carassai;534;508;1042
108015;Carate Brianza;8836;9218;18054
13044;Carate Urio;534;556;1090
16053;Caravaggio;8211;8302;16513
12031;Caravate;1246;1286;2532
1056;Caravino;435;456;891
8012;Caravonica;143;114;257
56016;Carbognano;953;998;1951
18030;Carbonara al Ticino;695;723;1418
63015;Carbonara di Nola;1246;1217;2463
6030;Carbonara Scrivia;554;560;1114
13045;Carbonate;1485;1492;2977
76019;Carbone;238;237;475
26008;Carbonera;5561;5678;11239
111009;Carbonia;12176;13177;25353
9018;Carcare;2454;2755;5209
2029;Carcoforo;40;38;78
12032;Cardano al Campo;7268;7503;14771
4042;Cardè;579;595;1174
91103;Cardedu;974;1028;2002
80022;Cardeto;588;649;1237
79018;Cardinale;804;909;1713
63016;Cardito;10491;10943;21434
46008;Careggine;251;236;487
1057;Carema;344;353;697
97014;Carenno;691;699;1390
6031;Carentino;159;152;311
80023;Careri;995;1054;2049
2030;Caresana;537;458;995
2031;Caresanablot;544;566;1110
6032;Carezzano;215;222;437
101003;Carfizzi;277;257;534
90022;Cargeghe;300;290;590
78025;Cariati;3699;3883;7582
64019;Carife;610;632;1242
1058;Carignano;4600;4650;9250
13046;Carimate;2173;2201;4374
61016;Carinaro;3514;3668;7182
82021;Carini;20510;20624;41134
61017;Carinola;3607;3435;7042
2032;Carisio;375;369;744
22042;Carisolo;439;456;895
71011;Carlantino;354;392;746
13047;Carlazzo;1512;1634;3146
89006;Carlentini;8204;8679;16883
30018;Carlino;1286;1320;2606
111010;Carloforte;2881;2970;5851
79020;Carlopoli;664;639;1303
1059;Carmagnola;13749;14222;27971
75014;Carmiano;5762;5884;11646
100002;Carmignano;7183;7317;14500
28023;Carmignano di Brenta;3808;3738;7546
12033;Carnago;3290;3320;6610
108016;Carnate;4031;3961;7992
16055;Carobbio degli Angeli;2485;2427;4912
78026;Carolei;1526;1501;3027
16056;Carona;133;149;282
83011;Caronia;1429;1488;2917
12034;Caronno Pertusella;9126;9430;18556
12035;Caronno Varesino;2396;2404;4800
73002;Carosino;3134;3246;6380
74002;Carovigno;8717;8376;17093
94007;Carovilli;630;610;1240
33011;Carpaneto Piacentino;3875;3900;7775
78027;Carpanzano;87;98;185
41009;Carpegna;874;800;1674
17039;Carpenedolo;6596;6454;13050
6033;Carpeneto;425;423;848
36005;Carpi;36732;37309;74041
15050;Carpiano;2128;1991;4119
75015;Carpignano Salentino;1796;1819;3615
3036;Carpignano Sesia;1163;1294;2457
35011;Carpineti;1949;1956;3905
68008;Carpineto della Nora;245;253;498
58020;Carpineto Romano;1909;2002;3911
69011;Carpineto Sinello;260;226;486
71012;Carpino;1868;1830;3698
94008;Carpinone;469;511;980
45003;Carrara;29100;30623;59723
24024;Carrè;1724;1722;3446
6034;Carrega Ligure;46;30;76
11009;Carro;229;260;489
11010;Carrodano;227;232;459
6035;Carrosio;275;244;519
4043;Carrù;2284;2210;4494
66025;Carsoli;2468;2484;4952
24025;Cartigliano;1822;1815;3637
4044;Cartignano;79;82;161
41010;Cartoceto;3953;4002;7955
6036;Cartosio;347;364;711
28026;Cartura;2285;2279;4564
15051;Carugate;7792;7971;15763
13048;Carugo;3328;3330;6658
69012;Carunchio;301;234;535
16057;Carvico;2330;2370;4700
22043;Carzano;259;259;518
101004;Casabona;1033;1130;2163
70011;Casacalenda;952;872;1824
69013;Casacanditella;594;578;1172
61018;Casagiove;6161;6672;12833
69014;Casalanguida;390;399;789
60017;Casalattico;250;265;515
3037;Casalbeltrame;548;499;1047
69015;Casalbordino;2705;2886;5591
64020;Casalbore;743;771;1514
1060;Casalborgone;902;963;1865
65026;Casalbuono;509;504;1013
19016;Casalbuttano ed Uniti;1911;1885;3796
6037;Casal Cermelli;587;602;1189
70012;Casalciprano;210;214;424
61019;Casal di Principe;11139;10865;22004
62015;Casalduni;602;574;1176
37011;Casalecchio di Reno;16704;18655;35359
103019;Casale Corte Cerro;1629;1649;3278
19017;Casale Cremasco-Vidolasco;948;867;1815
28027;Casale di Scodosia;2329;2308;4637
6038;Casaleggio Boiro;174;161;335
3039;Casaleggio Novara;444;473;917
12036;Casale Litta;1390;1385;2775
50006;Casale Marittimo;531;516;1047
6039;Casale Monferrato;15475;16986;32461
23019;Casaleone;2881;2791;5672
26009;Casale sul Sile;6436;6631;13067
19018;Casaletto Ceredano;594;577;1171
19019;Casaletto di Sopra;278;249;527
98008;Casaletto Lodigiano;1538;1481;3019
65027;Casaletto Spartano;589;633;1222
19020;Casaletto Vaprio;880;898;1778
37012;Casalfiumanese;1715;1646;3361
35012;Casalgrande;9541;9498;19039
4045;Casalgrasso;748;710;1458
78156;Casali del Manco;4605;4664;9269
69016;Casalincontrada;1455;1505;2960
3040;Casalino;810;776;1586
19021;Casalmaggiore;7676;7438;15114
98009;Casalmaiocco;1594;1624;3218
19022;Casalmorano;868;859;1727
20010;Casalmoro;1128;1088;2216
6040;Casalnoceto;472;473;945
63017;Casalnuovo di Napoli;22730;23933;46663
71013;Casalnuovo Monterotaro;704;698;1402
20011;Casaloldo;1312;1312;2624
98010;Casalpusterlengo;8134;7935;16069
20012;Casalromano;759;739;1498
28028;Casalserugo;2625;2668;5293
61020;Casaluce;4588;4808;9396
71014;Casalvecchio di Puglia;803;817;1620
83012;Casalvecchio Siculo;364;311;675
65028;Casal Velino;2699;2669;5368
60018;Casalvieri;1179;1206;2385
3041;Casalvolone;460;428;888
12037;Casalzuigno;704;705;1409
63018;Casamarciano;1489;1501;2990
72015;Casamassima;9421;9672;19093
63019;Casamicciola Terme;3600;3761;7361
63020;Casandrino;6688;6367;13055
2033;Casanova Elvo;118;102;220
9019;Casanova Lerrone;354;384;738
18031;Casanova Lonati;232;220;452
58021;Casape;297;313;610
61103;Casapesenna;3800;3627;7427
96014;Casapinta;167;198;365
57011;Casaprota;338;340;678
61021;Casapulla;4010;4254;8264
75016;Casarano;9048;9892;18940
97015;Casargo;418;415;833
15055;Casarile;1940;1989;3929
93010;Casarsa della Delizia;4156;4158;8314
10011;Casarza Ligure;3314;3415;6729
6041;Casasco;69;65;134
97016;Casatenovo;6502;6732;13234
18032;Casatisma;419;436;855
63021;Casavatore;8857;9387;18244
16058;Casazza;1905;1938;3843
54007;Cascia;1449;1481;2930
12038;Casciago;1715;1834;3549
50040;Casciana Terme Lari;5991;6119;12110
50008;Cascina;21794;23022;44816
1061;Cascinette d'Ivrea;716;787;1503
18033;Casei Gerola;1162;1145;2307
1062;Caselette;1513;1511;3024
10012;Casella;1562;1487;3049
65029;Caselle in Pittari;913;947;1860
98011;Caselle Landi;726;705;1431
98012;Caselle Lurani;1593;1478;3071
1063;Caselle Torinese;6806;6932;13738
61022;Caserta;34465;38292;72757
26010;Casier;5641;5784;11425
80024;Casignana;327;353;680
35013;Casina;2320;2299;4619
16059;Casirate d'Adda;2127;2012;4139
13052;Caslino d'Erba;823;847;1670
13053;Casnate con Bernate;2460;2573;5033
16060;Casnigo;1517;1488;3005
63022;Casola di Napoli;1759;1839;3598
45004;Casola in Lunigiana;438;463;901
39005;Casola Valsenio;1337;1152;2489
52004;Casole d'Elsa;1827;1842;3669
69017;Casoli;2499;2534;5033
18034;Casorate Primo;4607;4583;9190
12039;Casorate Sempione;2730;2901;5631
15058;Casorezzo;2805;2916;5721
63023;Casoria;35285;37972;73257
5020;Casorzo Monferrato;282;299;581
57012;Casperia;596;619;1215
14013;Caspoggio;664;652;1316
30019;Cassacco;1367;1420;2787
97017;Cassago Brianza;2228;2167;4395
78029;Cassano all'Ionio;8267;8070;16337
15059;Cassano d'Adda;9811;10169;19980
72016;Cassano delle Murge;7626;7656;15282
64021;Cassano Irpino;485;474;959
12040;Cassano Magnago;10588;10843;21431
6191;Cassano Spinola;872;924;1796
12041;Cassano Valcuvia;327;320;647
89007;Cassaro;365;356;721
16061;Cassiglio;48;57;105
15060;Cassina de' Pecchi;6751;7204;13955
13055;Cassina Rizzardi;1616;1647;3263
5021;Cassinasco;302;257;559
97018;Cassina Valsassina;280;269;549
6043;Cassine;1446;1365;2811
6044;Cassinelle;449;396;845
15061;Cassinetta di Lugagnano;951;1016;1967
60019;Cassino;17128;17632;34760
24026;Cassola;7546;7869;15415
18035;Cassolnovo;3380;3367;6747
23020;Castagnaro;1741;1756;3497
49006;Castagneto Carducci;4274;4365;8639
1064;Castagneto Po;895;853;1748
4046;Castagnito;1147;1147;2294
5022;Castagnole delle Lanze;1793;1867;3660
5023;Castagnole Monferrato;557;572;1129
1065;Castagnole Piemonte;1104;1064;2168
18036;Castana;343;364;707
15062;Castano Primo;5385;5546;10931
18037;Casteggio;3061;3302;6363
17040;Castegnato;4242;4215;8457
24027;Castegnero;1413;1388;2801
28029;Castelbaldo;715;728;1443
64022;Castel Baronia;514;533;1047
20013;Castelbelforte;1719;1662;3381
42008;Castelbellino;2371;2534;4905
21018;Castelbello-Ciardes/Kastelbell-Tschars;1227;1191;2418
9020;Castelbianco;154;165;319
5024;Castel Boglione;313;278;591
39006;Castel Bolognese;4718;4766;9484
70013;Castelbottaccio;106;117;223
82022;Castelbuono;3847;4024;7871
61023;Castel Campagnano;676;739;1415
67010;Castel Castagna;208;192;400
65030;Castelcivita;720;650;1370
22045;Castel Condino;107;104;211
17041;Castelcovati;3607;3480;7087
26011;Castelcucco;1154;1163;2317
82023;Casteldaccia;5805;5973;11778
37013;Castel d'Aiano;1038;931;1969
20014;Castel d'Ario;2318;2345;4663
23021;Castel d'Azzano;6100;6233;12333
99021;Casteldelci;172;177;349
4047;Casteldelfino;70;73;143
94009;Castel del Giudice;151;155;306
66026;Castel del Monte;200;179;379
53004;Castel del Piano;2440;2363;4803
37014;Castel del Rio;597;627;1224
37015;Castel di Casio;1661;1687;3348
19023;Casteldidone;280;262;542
66027;Castel di Ieri;130;143;273
87013;Castel di Iudica;2053;2110;4163
44011;Castel di Lama;4144;4268;8412
83013;Castel di Lucio;683;672;1355
66028;Castel di Sangro;3381;3209;6590
61024;Castel di Sasso;488;507;995
57013;Castel di Tora;149;122;271
42010;Castelfidardo;9033;9300;18333
48010;Castelfiorentino;8631;8857;17488
51008;Castel Focognano;1512;1419;2931
59004;Castelforte;1963;2047;4010
64023;Castelfranci;810;856;1666
50009;Castelfranco di Sotto;6946;6806;13752
36006;Castelfranco Emilia;17092;16533;33625
62016;Castelfranco in Miscano;393;368;761
51040;Castelfranco Piandiscò;4801;5007;9808
26012;Castelfranco Veneto;16276;16965;33241
69018;Castel Frentano;2045;2136;4181
19024;Castel Gabbiano;290;252;542
58022;Castel Gandolfo;4023;4513;8536
98062;Castelgerundo;728;726;1454
55009;Castel Giorgio;954;1038;1992
20015;Castel Goffredo;6432;6300;12732
24028;Castelgomberto;3120;3025;6145
76021;Castelgrande;410;373;783
37016;Castel Guelfo di Bologna;2244;2229;4473
29011;Castelguglielmo;795;715;1510
69019;Castelguidone;130;140;270
22240;Castel Ivano;1652;1657;3309
65031;Castellabate;4352;4320;8672
66029;Castellafiume;557;520;1077
5025;Castell'Alfero;1276;1312;2588
67011;Castellalto;3614;3620;7234
81005;Castellammare del Golfo;7421;7214;14635
63024;Castellammare di Stabia;29625;32312;61937
1066;Castellamonte;4897;4942;9839
72017;Castellana Grotte;9619;10083;19702
82024;Castellana Sicula;1373;1512;2885
73003;Castellaneta;7711;8087;15798
6045;Castellania Coppi;43;42;85
12042;Castellanza;6728;7162;13890
35014;Castellarano;7548;7612;15160
6046;Castellar Guidobono;223;206;429
8014;Castellaro;574;635;1209
33012;Castell'Arquato;2304;2408;4712
53005;Castell'Azzara;609;645;1254
6047;Castellazzo Bormida;2292;2227;4519
3042;Castellazzo Novarese;165;166;331
19025;Castelleone;4598;4742;9340
42011;Castelleone di Suasa;789;753;1542
5026;Castellero;134;147;281
96015;Castelletto Cervo;392;366;758
6048;Castelletto d'Erro;55;60;115
18038;Castelletto di Branduzzo;549;507;1056
6049;Castelletto d'Orba;916;895;1811
6050;Castelletto Merli;225;220;445
5027;Castelletto Molina;61;76;137
6051;Castelletto Monferrato;719;720;1439
3043;Castelletto sopra Ticino;4793;5041;9834
4049;Castelletto Stura;692;685;1377
4050;Castelletto Uzzone;143;134;277
67012;Castelli;458;449;907
16062;Castelli Calepio;5316;5168;10484
52005;Castellina in Chianti;1355;1236;2591
4051;Castellinaldo d'Alba;463;448;911
50010;Castellina Marittima;980;968;1948
70014;Castellino del Biferno;213;204;417
4052;Castellino Tanaro;137;136;273
60020;Castelliri;1521;1568;3089
12043;Castello Cabiaglio;282;268;550
18039;Castello d'Agogna;563;516;1079
37017;Castello d'Argile;3392;3302;6694
14014;Castello dell'Acqua;304;303;607
61025;Castello del Matese;640;682;1322
5028;Castello di Annone;961;866;1827
97019;Castello di Brianza;1321;1312;2633
63025;Castello di Cisterna;3862;3993;7855
26013;Castello di Godego;3438;3460;6898
22047;Castello-Molina di Fiemme;1165;1162;2327
22048;Castello Tesino;596;561;1157
20016;Castellucchio;2600;2561;5161
71015;Castelluccio dei Sauri;1007;951;1958
76022;Castelluccio Inferiore;918;936;1854
76023;Castelluccio Superiore;361;342;703
71016;Castelluccio Valmaggiore;574;603;1177
83014;Castell'Umberto;1318;1413;2731
58023;Castel Madama;3481;3541;7022
37019;Castel Maggiore;8938;9541;18479
4053;Castelmagno;34;17;51
13058;Castelmarte;669;598;1267
29012;Castelmassa;1972;2054;4026
70015;Castelmauro;524;551;1075
17042;Castel Mella;5507;5454;10961
76024;Castelmezzano;333;351;684
83015;Castelmola;542;529;1071
61026;Castel Morrone;1717;1857;3574
18040;Castelnovetto;275;271;546
29013;Castelnovo Bariano;1288;1300;2588
93011;Castelnovo del Friuli;405;395;800
35015;Castelnovo di Sotto;4304;4403;8707
35016;Castelnovo ne' Monti;5131;5276;10407
22049;Castelnuovo;546;542;1088
5029;Castelnuovo Belbo;394;421;815
52006;Castelnuovo Berardenga;4295;4469;8764
98013;Castelnuovo Bocca d'Adda;778;766;1544
6052;Castelnuovo Bormida;304;332;636
13059;Castelnuovo Bozzente;457;459;916
5030;Castelnuovo Calcea;348;332;680
65032;Castelnuovo Cilento;1387;1462;2849
23022;Castelnuovo del Garda;6572;6734;13306
71017;Castelnuovo della Daunia;618;600;1218
4054;Castelnuovo di Ceva;50;52;102
65033;Castelnuovo di Conza;292;265;557
57014;Castelnuovo di Farfa;501;486;987
46009;Castelnuovo di Garfagnana;2700;2905;5605
58024;Castelnuovo di Porto;4268;4342;8610
50011;Castelnuovo di Val di Cecina;1024;1031;2055
5031;Castelnuovo Don Bosco;1520;1575;3095
11011;Castelnuovo Magra;4011;4225;8236
1067;Castelnuovo Nigra;221;196;417
60021;Castelnuovo Parano;411;416;827
36007;Castelnuovo Rangone;7545;7571;15116
6053;Castelnuovo Scrivia;2363;2444;4807
62017;Castelpagano;662;655;1317
94010;Castelpetroso;769;727;1496
94011;Castelpizzuto;73;62;135
42012;Castelplanio;1825;1787;3612
62018;Castelpoto;526;567;1093
43009;Castelraimondo;2018;2162;4180
54008;Castel Ritaldi;1487;1507;2994
5032;Castel Rocchero;189;167;356
21019;Castelrotto/Kastelruth;3578;3484;7062
16063;Castel Rozzone;1409;1446;2855
65034;Castel San Giorgio;6828;6930;13758
33013;Castel San Giovanni;7270;7132;14402
65035;Castel San Lorenzo;1077;1105;2182
51010;Castel San Niccolò;1236;1257;2493
58025;Castel San Pietro Romano;410;428;838
37020;Castel San Pietro Terme;10219;10483;20702
57015;Castel Sant'Angelo;597;559;1156
43010;Castelsantangelo sul Nera;110;97;207
56017;Castel Sant'Elia;1184;1227;2411
94012;Castel San Vincenzo;215;203;418
76025;Castelsaraceno;536;576;1112
90023;Castelsardo;2820;2804;5624
12044;Castelseprio;654;676;1330
101005;Castelsilano;450;452;902
6054;Castelspina;193;198;391
84012;Casteltermini;3425;3610;7035
12045;Castelveccana;920;935;1855
66030;Castelvecchio Calvisio;58;67;125
9021;Castelvecchio di Rocca Barbena;77;56;133
66031;Castelvecchio Subequo;389;414;803
62019;Castelvenere;1143;1224;2367
19026;Castelverde;2848;2851;5699
94013;Castelverrino;50;37;87
62020;Castelvetere in Val Fortore;443;472;915
64024;Castelvetere sul Calore;733;721;1454
81006;Castelvetrano;14451;14906;29357
36008;Castelvetro di Modena;5559;5401;10960
33014;Castelvetro Piacentino;2714;2716;5430
55010;Castel Viscardo;1285;1355;2640
19027;Castelvisconti;161;145;306
8015;Castel Vittorio;125;112;237
61027;Castel Volturno;16360;14870;31230
37021;Castenaso;8045;8625;16670
17043;Castenedolo;5808;5835;11643
111011;Castiadas;890;850;1740
68009;Castiglione a Casauria;375;348;723
10013;Castiglione Chiavarese;745;786;1531
78030;Castiglione Cosentino;1445;1286;2731
98014;Castiglione d'Adda;2279;2245;4524
37022;Castiglione dei Pepoli;2788;2711;5499
65036;Castiglione del Genovesi;673;607;1280
54009;Castiglione del Lago;7436;7766;15202
53006;Castiglione della Pescaia;3496;3560;7056
20017;Castiglione delle Stiviere;11968;11982;23950
46010;Castiglione di Garfagnana;843;842;1685
87014;Castiglione di Sicilia;1391;1441;2832
52007;Castiglione d'Orcia;1016;1030;2046
4055;Castiglione Falletto;334;321;655
56018;Castiglione in Teverina;1147;1142;2289
69020;Castiglione Messer Marino;692;706;1398
67013;Castiglione Messer Raimondo;987;974;1961
12046;Castiglione Olona;3715;3739;7454
4056;Castiglione Tinella;393;353;746
1068;Castiglione Torinese;3236;3283;6519
51011;Castiglion Fibocchi;1083;1039;2122
51012;Castiglion Fiorentino;6359;6464;12823
44012;Castignano;1252;1259;2511
67014;Castilenti;682;625;1307
4057;Castino;228;203;431
14015;Castione Andevenno;792;780;1572
16064;Castione della Presolana;1745;1636;3381
30020;Castions di Strada;1789;1893;3682
98015;Castiraga Vidardo;1550;1498;3048
17044;Casto;862;751;1613
44013;Castorano;1119;1155;2274
17045;Castrezzato;4027;3957;7984
75017;Castri di Lecce;1313;1381;2694
75018;Castrignano de' Greci;1784;1848;3632
75019;Castrignano del Capo;2454;2601;5055
16065;Castro;596;595;1191
75096;Castro;1110;1164;2274
40005;Castrocaro Terme e Terra del Sole;3159;3371;6530
60022;Castrocielo;1800;1927;3727
60023;Castro dei Volsci;2110;2227;4337
84013;Castrofilippo;1230;1327;2557
78031;Castrolibero;4339;4735;9074
12047;Castronno;2553;2482;5035
82025;Castronovo di Sicilia;1316;1413;2729
76026;Castronuovo di Sant'Andrea;393;440;833
70016;Castropignano;408;431;839
83016;Castroreale;1111;1120;2231
78032;Castroregio;125;83;208
78033;Castrovillari;9853;10578;20431
87015;Catania;143549;153435;296984
79023;Catanzaro;39494;43214;82708
86006;Catenanuova;2204;2254;4458
68010;Catignano;650;582;1232
99002;Cattolica;7816;8798;16614
84014;Cattolica Eraclea;1610;1622;3232
80025;Caulonia;3288;3361;6649
62021;Cautano;928;922;1850
65037;Cava de' Tirreni;23941;25389;49330
96016;Cavaglià;1757;1707;3464
3044;Cavaglietto;198;189;387
3045;Cavaglio d'Agogna;559;584;1143
1069;Cavagnolo;1171;1186;2357
23023;Cavaion Veronese;2938;3057;5995
22050;Cavalese;1957;2069;4026
4058;Cavallerleone;340;324;664
4059;Cavallermaggiore;2689;2640;5329
75020;Cavallino;6322;6671;12993
27044;Cavallino-Treporti;6389;6716;13105
3047;Cavallirio;646;644;1290
18041;Cava Manara;3231;3453;6684
22051;Cavareno;592;563;1155
13062;Cavargna;92;79;171
12048;Cavaria con Premezzo;2903;2866;5769
27006;Cavarzere;6335;6395;12730
26014;Cavaso del Tomba;1459;1482;2941
93012;Cavasso Nuovo;731;732;1463
6055;Cavatore;114;134;248
30021;Cavazzo Carnico;469;490;959
58026;Cave;5469;5466;10935
22052;Cavedago;317;292;609
22053;Cavedine;1563;1540;3103
98017;Cavenago d'Adda;1057;1071;2128
108017;Cavenago di Brianza;3796;3794;7590
16066;Cavernago;1506;1468;2974
36009;Cavezzo;3523;3713;7236
22054;Cavizzana;111;120;231
1070;Cavour;2688;2685;5373
35017;Cavriago;4838;5109;9947
20018;Cavriana;1806;1848;3654
51013;Cavriglia;4735;4769;9504
12049;Cazzago Brabbia;384;395;779
17046;Cazzago San Martino;5359;5425;10784
23024;Cazzano di Tramigna;722;744;1466
16067;Cazzano Sant'Andrea;873;821;1694
60024;Ceccano;10712;11250;21962
18042;Cecima;128;126;254
49007;Cecina;13434;14588;28022
17047;Cedegolo;567;562;1129
14016;Cedrasco;200;223;423
82026;Cefalà Diana;476;486;962
82027;Cefalù;6705;7141;13846
27007;Ceggia;3130;3120;6250
74003;Ceglie Messapica;8809;9554;18363
66032;Celano;5145;4976;10121
69021;Celenza sul Trigno;382;376;758
71018;Celenza Valfortore;604;663;1267
78034;Celico;1230;1191;2421
19028;Cella Dati;252;262;514
72018;Cellamare;2850;2911;5761
6056;Cella Monte;230;216;446
78035;Cellara;243;230;473
5033;Cellarengo;368;363;731
17048;Cellatica;2338;2477;4815
65038;Celle di Bulgheria;814;863;1677
4060;Celle di Macra;47;36;83
71019;Celle di San Vito;69;74;143
5034;Celle Enomondo;208;222;430
9022;Celle Ligure;2320;2505;4825
56019;Celleno;638;677;1315
56020;Cellere;590;497;1087
67015;Cellino Attanasio;1094;1090;2184
74004;Cellino San Marco;2789;3100;5889
2171;Cellio con Breia;479;478;957
61102;Cellole;4002;4290;8292
22241;Cembra Lisignago;1216;1158;2374
79024;Cenadi;243;259;502
16068;Cenate Sopra;1277;1274;2551
16069;Cenate Sotto;2013;1988;4001
25010;Cencenighe Agordino;597;605;1202
16070;Cene;2014;2030;4044
29014;Ceneselli;800;773;1573
9023;Cengio;1758;1747;3505
4061;Centallo;3673;3312;6985
38004;Cento;17794;18042;35836
65039;Centola;2603;2417;5020
79025;Centrache;180;173;353
13254;Centro Valle Intelvi;1878;1900;3778
86007;Centuripe;2438;2543;4981
68011;Cepagatti;5415;5615;11030
62022;Ceppaloni;1615;1566;3181
103021;Ceppo Morelli;150;135;285
60025;Ceprano;3953;3987;7940
86008;Cerami;913;954;1867
10014;Ceranesi;1826;1758;3584
3049;Cerano;3462;3533;6995
13063;Cerano d'Intelvi;275;318;593
18043;Ceranova;1201;1162;2363
65040;Ceraso;1085;1110;2195
70017;Cercemaggiore;1792;1737;3529
1071;Cercenasco;861;899;1760
70018;Cercepiccola;318;342;660
78036;Cerchiara di Calabria;1046;1028;2074
66033;Cerchio;782;760;1542
14017;Cercino;411;395;806
30022;Cercivento;305;299;604
63026;Cercola;8013;8689;16702
82028;Cerda;2344;2427;4771
23025;Cerea;8607;8697;17304
29015;Ceregnano;1656;1721;3377
101006;Cerenzia;484;499;983
1072;Ceres;494;463;957
20019;Ceresara;1259;1206;2465
6057;Cereseto;187;168;355
4062;Ceresole Alba;998;977;1975
1073;Ceresole Reale;78;61;139
16071;Cerete;819;824;1643
18044;Ceretto Lomellina;95;93;188
18045;Cergnago;332;316;648
9024;Ceriale;2675;2726;5401
8016;Ceriana;593;505;1098
108018;Ceriano Laghetto;3285;3390;6675
33015;Cerignale;63;46;109
71020;Cerignola;28250;28461;56711
78037;Cerisano;1444;1465;2909
13064;Cermenate;4676;4781;9457
21020;Cermes/Tscherms;818;835;1653
67016;Cermignano;696;701;1397
13065;Cernobbio;2940;3212;6152
97020;Cernusco Lombardone;1885;1952;3837
15070;Cernusco sul Naviglio;16784;18056;34840
5035;Cerreto d'Asti;108;109;217
42013;Cerreto d'Esi;1654;1679;3333
54010;Cerreto di Spoleto;477;484;961
6058;Cerreto Grue;140;153;293
48011;Cerreto Guidi;5184;5475;10659
58027;Cerreto Laziale;523;552;1075
62023;Cerreto Sannita;1733;1765;3498
4063;Cerretto Langhe;197;190;387
6059;Cerrina Monferrato;625;639;1264
96018;Cerrione;1350;1400;2750
15071;Cerro al Lambro;2560;2651;5211
94014;Cerro al Volturno;588;515;1103
15072;Cerro Maggiore;7466;7726;15192
5036;Cerro Tanaro;302;292;594
23026;Cerro Veronese;1370;1328;2698
76027;Cersosimo;249;247;496
48012;Certaldo;7824;7907;15731
18046;Certosa di Pavia;2866;2757;5623
79027;Cerva;466;545;1011
58028;Cervara di Roma;248;205;453
28030;Cervarese Santa Croce;2782;2775;5557
60026;Cervaro;3772;3936;7708
4064;Cervasca;2627;2563;5190
2041;Cervatto;28;19;47
17049;Cerveno;365;342;707
4065;Cervere;1145;1135;2280
18047;Cervesina;515;588;1103
58029;Cerveteri;18834;19372;38206
39007;Cervia;14128;14947;29075
78038;Cervicati;388;379;767
98018;Cervignano d'Adda;1123;1124;2247
30023;Cervignano del Friuli;6859;6884;13743
64025;Cervinara;4268;4450;8718
61028;Cervino;2326;2393;4719
8017;Cervo;520;559;1079
78039;Cerzeto;609;599;1208
61029;Cesa;4896;4952;9848
97021;Cesana Brianza;1158;1169;2327
1074;Cesana Torinese;491;396;887
15074;Cesano Boscone;11340;11945;23285
108019;Cesano Maderno;20104;20073;40177
103022;Cesara;385;281;666
83017;Cesarò;1025;1035;2060
15076;Cesate;7065;7299;14364
40007;Cesena;46519;49101;95620
40008;Cesenatico;12641;13401;26042
64026;Cesinali;1255;1257;2512
8018;Cesio;132;115;247
25011;Cesiomaggiore;2008;1946;3954
26015;Cessalto;1943;1892;3835
102006;Cessaniti;1431;1413;2844
43011;Cessapalombo;200;209;409
5037;Cessole;161;166;327
65041;Cetara;943;943;1886
17050;Ceto;886;889;1775
52008;Cetona;1173;1268;2441
78040;Cetraro;4498;4661;9159
4066;Ceva;3013;2882;5895
17051;Cevo;404;367;771
7013;Challand-Saint-Anselme;390;365;755
7014;Challand-Saint-Victor;295;282;577
7015;Chambave;428;452;880
7016;Chamois;64;49;113
7017;Champdepraz;338;364;702
7018;Champorcher;183;177;360
7019;Charvensod;1180;1231;2411
7020;Châtillon;2107;2192;4299
4067;Cherasco;4874;4839;9713
90024;Cheremule;195;183;378
1075;Chialamberto;160;176;336
24029;Chiampo;6410;6156;12566
64027;Chianche;240;218;458
52009;Chianciano Terme;3673;3470;7143
50012;Chianni;646;630;1276
1076;Chianocco;742;752;1494
88002;Chiaramonte Gulfi;4188;3857;8045
90025;Chiaramonti;732;762;1494
26016;Chiarano;1724;1613;3337
42014;Chiaravalle;6831;7348;14179
79029;Chiaravalle Centrale;2425;2647;5072
17052;Chiari;9860;9857;19717
76028;Chiaromonte;824;861;1685
94015;Chiauci;103;86;189
10015;Chiavari;12753;14682;27435
14018;Chiavenna;3470;3824;7294
1077;Chiaverano;974;984;1958
21021;Chienes/Kiens;1561;1506;3067
1078;Chieri;17273;18549;35822
14019;Chiesa in Valmalenco;1109;1110;2219
1079;Chiesanuova;121;108;229
25012;Chies d'Alpago;626;618;1244
47022;Chiesina Uzzanese;2284;2335;4619
69022;Chieti;23197;25171;48368
71021;Chieuti;731;736;1467
19029;Chieve;1129;1141;2270
16072;Chignolo d'Isola;1765;1618;3383
18048;Chignolo Po;2041;2007;4048
27008;Chioggia;23269;23682;46951
1080;Chiomonte;415;423;838
93013;Chions;2490;2501;4991
30024;Chiopris-Viscone;334;373;707
51014;Chitignano;442;430;872
16073;Chiuduno;3184;3076;6260
24030;Chiuppano;1307;1253;2560
14020;Chiuro;1191;1243;2434
4068;Chiusa di Pesio;1872;1844;3716
1081;Chiusa di San Michele;785;739;1524
30025;Chiusaforte;306;276;582
21022;Chiusa/Klausen;2645;2580;5225
8019;Chiusanico;321;273;594
5038;Chiusano d'Asti;123;119;242
64028;Chiusano di San Domenico;1008;1047;2055
82029;Chiusa Sclafani;1130;1248;2378
8020;Chiusavecchia;275;258;533
52010;Chiusdino;838;866;1704
52011;Chiusi;4034;4018;8052
51015;Chiusi della Verna;910;982;1892
1082;Chivasso;12576;13462;26038
58118;Ciampino;18677;20236;38913
84015;Cianciana;1411;1560;2971
25013;Cibiana di Cadore;157;166;323
10016;Cicagna;1193;1146;2339
79030;Cicala;419;413;832
63027;Cicciano;6087;6255;12342
65042;Cicerale;573;605;1178
58030;Ciciliano;624;624;1248
19030;Cicognolo;489;488;977
1083;Ciconio;182;176;358
2042;Cigliano;2119;2181;4300
4069;Cigliè;101;95;196
18049;Cigognola;639;669;1308
17053;Cigole;756;747;1503
18050;Cilavegna;2658;2780;5438
26017;Cimadolmo;1701;1663;3364
17054;Cimbergo;272;254;526
80026;Ciminà;267;243;510
82030;Ciminna;1595;1724;3319
63028;Cimitile;3353;3554;6907
93014;Cimolais;175;168;343
22058;Cimone;379;364;743
5039;Cinaglio;206;198;404
58031;Cineto Romano;284;295;579
19031;Cingia de' Botti;593;578;1171
43012;Cingoli;4619;4819;9438
53007;Cinigiano;1331;1135;2466
15077;Cinisello Balsamo;37185;37969;75154
82031;Cinisi;5984;6217;12201
14021;Cino;171;167;338
80027;Cinquefrondi;3017;3218;6235
1084;Cintano;119;106;225
22059;Cinte Tesino;178;174;352
27009;Cinto Caomaggiore;1560;1612;3172
28031;Cinto Euganeo;964;920;1884
1085;Cinzano;177;163;340
61030;Ciorlano;179;168;347
8021;Cipressa;589;603;1192
62024;Circello;1034;1024;2058
1086;Ciriè;8668;9415;18083
77005;Cirigliano;129;150;279
13068;Cirimido;1118;1080;2198
101007;Cirò;1096;1225;2321
101008;Cirò Marina;6943;7290;14233
22060;Cis;140;154;294
16074;Cisano Bergamasco;3118;3114;6232
9025;Cisano sul Neva;1053;1079;2132
16075;Ciserano;3037;2806;5843
12050;Cislago;5289;5283;10572
15078;Cisliano;2545;2655;5200
26018;Cison di Valmarino;1177;1234;2411
4070;Cissone;46;30;76
5040;Cisterna d'Asti;638;583;1221
59005;Cisterna di Latina;18016;18239;36255
74005;Cisternino;5258;5696;10954
54011;Citerna;1711;1672;3383
28032;Cittadella;9831;10216;20047
54012;Città della Pieve;3525;3852;7377
54013;Città di Castello;18349;19498;37847
57016;Cittaducale;3177;3223;6400
80028;Cittanova;4667;4913;9580
57017;Cittareale;203;171;374
68012;Città Sant'Angelo;7450;7485;14935
12051;Cittiglio;1875;1930;3805
97022;Civate;1853;1856;3709
8022;Civezza;310;320;630
22061;Civezzano;2090;2087;4177
2043;Civiasco;112;111;223
30026;Cividale del Friuli;5192;5612;10804
16076;Cividate al Piano;2611;2488;5099
17055;Cividate Camuno;1379;1308;2687
78041;Civita;366;407;773
70019;Civitacampomarano;129;148;277
56021;Civita Castellana;7305;7706;15011
66034;Civita d'Antino;477;446;923
69023;Civitaluparella;136;136;272
94016;Civitanova del Sannio;445;418;863
43013;Civitanova Marche;20027;21902;41929
68013;Civitaquana;602;554;1156
58032;Civitavecchia;24745;26614;51359
66035;Civitella Alfedena;148;139;287
68014;Civitella Casanova;753;752;1505
56022;Civitella d'Agliano;723;721;1444
67017;Civitella del Tronto;2290;2265;4555
40009;Civitella di Romagna;1819;1807;3626
51016;Civitella in Val di Chiana;4283;4325;8608
69024;Civitella Messer Raimondo;374;364;738
53008;Civitella Paganico;1467;1486;2953
66036;Civitella Roveto;1547;1471;3018
58033;Civitella San Paolo;1025;1021;2046
14022;Civo;588;551;1139
13071;Claino con Osteno;286;257;543
93015;Claut;423;432;855
93016;Clauzetto;215;170;385
4071;Clavesana;375;400;775
1087;Claviere;100;99;199
22062;Cles;3636;3844;7480
78042;Cleto;668;602;1270
12052;Clivio;967;1015;1982
16077;Clusone;4183;4413;8596
1088;Coassolo Torinese;739;721;1460
1089;Coazze;1681;1690;3371
5041;Coazzolo;149;136;285
17056;Coccaglio;4514;4423;8937
5042;Cocconato;703;712;1415
12053;Cocquio-Trevisago;2256;2395;4651
66037;Cocullo;110;93;203
28033;Codevigo;3206;3074;6280
18051;Codevilla;433;482;915
38005;Codigoro;5264;5668;10932
26019;Codognè;2704;2542;5246
98019;Codogno;7620;8032;15652
30027;Codroipo;7777;7944;15721
90026;Codrongianos;624;628;1252
96019;Coggiola;782;835;1617
108020;Cogliate;4158;4311;8469
7021;Cogne;663;666;1329
10017;Cogoleto;3959;4290;8249
24032;Cogollo del Cengio;1556;1571;3127
10018;Cogorno;2810;2882;5692
3051;Colazza;283;270;553
24126;Colceresa;2946;3011;5957
16078;Colere;549;528;1077
60027;Colfelice;869;878;1747
33016;Coli;467;410;877
97023;Colico;4112;4076;8188
57018;Collalto Sabino;204;165;369
66038;Collarmele;354;398;752
54014;Collazzone;1623;1661;3284
17057;Collebeato;2154;2315;4469
97024;Colle Brianza;964;896;1860
34009;Collecchio;7366;7545;14911
68015;Collecorvino;3056;3009;6065
70020;Colle d'Anchise;352;357;709
67018;Colledara;1068;1010;2078
69025;Colledimacine;90;59;149
69026;Colledimezzo;207;194;401
57019;Colle di Tora;185;163;348
52012;Colle di Val d'Elsa;10575;11090;21665
58034;Colleferro;9865;10516;20381
57020;Collegiove;73;60;133
1090;Collegno;22720;24870;47590
66039;Collelongo;550;505;1055
60028;Collepardo;440;415;855
75021;Collepasso;2656;2796;5452
66040;Collepietro;97;103;200
1091;Colleretto Castelnuovo;186;168;354
1092;Colleretto Giacosa;286;290;576
49008;Collesalvetti;8034;8356;16390
60029;Colle San Magno;310;293;603
62025;Colle Sannita;1053;1102;2155
82032;Collesano;1736;1873;3609
25014;Colle Santa Lucia;171;168;339
70021;Colletorto;806;812;1618
26020;Colle Umberto;2463;2509;4972
57021;Collevecchio;820;755;1575
41069;Colli al Metauro;6220;6129;12349
65043;Colliano;1661;1726;3387
94017;Colli a Volturno;630;623;1253
44014;Colli del Tronto;1845;1836;3681
111012;Collinas;362;379;741
17058;Collio;1008;947;1955
57022;Colli sul Velino;230;235;465
18193;Colli Verdi;503;465;968
2045;Collobiano;33;35;68
30028;Colloredo di Monte Albano;1073;1111;2184
43014;Colmurano;549;572;1121
77006;Colobraro;518;496;1014
23027;Cologna Veneta;4286;4257;8543
17059;Cologne;3796;3812;7608
16079;Cologno al Serio;5702;5585;11287
23028;Colognola ai Colli;4416;4385;8801
15081;Cologno Monzese;23013;24166;47179
58035;Colonna;2040;2186;4226
67019;Colonnella;1899;1819;3718
13074;Colonno;217;215;432
14023;Colorina;717;640;1357
34010;Colorno;4628;4546;9174
78043;Colosimi;528;549;1077
15082;Colturano;1029;1027;2056
13251;Colverde;2729;2824;5553
16080;Colzate;817;824;1641
12054;Comabbio;588;589;1177
38006;Comacchio;10844;11159;22003
45005;Comano;316;320;636
22228;Comano Terme;1525;1534;3059
98020;Comazzo;1233;1146;2379
30029;Comeglians;214;208;422
25015;Comelico Superiore;1007;1043;2050
12055;Comerio;1323;1461;2784
17060;Comezzano-Cizzago;2154;2048;4202
3052;Comignago;661;603;1264
88003;Comiso;15291;15146;30437
84016;Comitini;469;450;919
63029;Comiziano;819;846;1665
20020;Commessaggio;506;516;1022
22064;Commezzadura;499;506;1005
13075;Como;40433;42602;83035
34011;Compiano;527;520;1047
44015;Comunanza;1484;1435;2919
16081;Comun Nuovo;2261;2210;4471
27010;Cona;1393;1374;2767
94018;Conca Casale;87;75;162
65044;Conca dei Marini;336;299;635
61031;Conca della Campania;570;556;1126
23029;Concamarise;547;513;1060
57023;Concerviano;143;139;282
17061;Concesio;7813;7922;15735
27011;Concordia Sagittaria;5003;5209;10212
36010;Concordia sulla Secchia;4225;4316;8541
108021;Concorezzo;7924;8229;16153
80029;Condofuri;2174;2317;4491
1093;Condove;2143;2279;4422
83018;Condrò;241;260;501
26021;Conegliano;16759;17916;34675
18052;Confienza;774;772;1546
57024;Configni;296;260;556
79033;Conflenti;667;650;1317
6060;Coniolo;217;203;420
39008;Conselice;4861;4873;9734
28034;Conselve;4893;5100;9993
22242;Contà;699;724;1423
82033;Contessa Entellina;706;731;1437
57025;Contigliano;1847;1810;3657
64029;Contrada;1637;1450;3087
67020;Controguerra;1065;1109;2174
65045;Controne;379;378;757
65046;Contursi Terme;1577;1581;3158
72019;Conversano;12769;13224;25993
64030;Conza della Campania;629;640;1269
6061;Conzano;461;431;892
75022;Copertino;11111;11587;22698
18053;Copiano;908;876;1784
38007;Copparo;7523;8134;15657
18054;Corana;380;365;745
72020;Corato;22998;23847;46845
65047;Corbara;1229;1289;2518
15085;Corbetta;9422;9734;19156
29017;Corbola;1089;1157;2246
56023;Corchiano;1785;1746;3531
54015;Corciano;10529;11074;21603
93017;Cordenons;8695;9006;17701
26022;Cordignano;3341;3443;6784
93018;Cordovado;1319;1352;2671
46011;Coreglia Antelminelli;2549;2526;5075
10019;Coreglia Ligure;130;111;241
60030;Coreno Ausonio;731;733;1464
66041;Corfinio;491;456;947
59006;Cori;5293;5172;10465
99003;Coriano;5222;5265;10487
75023;Corigliano d'Otranto;2642;2877;5519
78157;Corigliano-Rossano;37071;37332;74403
42015;Corinaldo;2305;2424;4729
1094;Corio;1577;1529;3106
82034;Corleone;5046;5116;10162
65048;Corleto Monforte;229;233;462
76029;Corleto Perticara;1169;1134;2303
15086;Cormano;10188;10848;21036
31002;Cormons;3321;3680;7001
16082;Corna Imagna;472;446;918
16249;Cornalba;163;142;305
18191;Cornale e Bastida;397;388;785
15087;Cornaredo;10165;10581;20746
108053;Cornate d'Adda;5607;5527;11134
21023;Cornedo all'Isarco/Karneid;1724;1723;3447
24034;Cornedo Vicentino;5981;5759;11740
98021;Cornegliano Laudense;1388;1473;2861
4072;Corneliano d'Alba;1067;1100;2167
34012;Corniglio;933;846;1779
30030;Corno di Rosazzo;1525;1574;3099
98022;Corno Giovine;557;587;1144
98023;Cornovecchio;100;99;199
26023;Cornuda;2992;3025;6017
35020;Correggio;12459;12775;25234
108022;Correzzana;1644;1645;3289
28035;Correzzola;2694;2579;5273
13077;Corrido;426;419;845
43015;Corridonia;7235;7449;14684
67021;Corropoli;2534;2624;5158
75024;Corsano;2493;2556;5049
15093;Corsico;16807;18004;34811
5044;Corsione;99;92;191
21024;Cortaccia sulla strada del vino/Kurtatsch an der Weinstraße;1094;1144;2238
79034;Cortale;850;952;1802
5045;Cortandone;151;156;307
5046;Cortanze;132;130;262
5047;Cortazzone;303;293;596
33017;Corte Brugnatella;259;242;501
19032;Corte de' Cortesi con Cignone;563;507;1070
19033;Corte de' Frati;674;644;1318
17062;Corte Franca;3570;3580;7150
33018;Cortemaggiore;2496;2261;4757
4073;Cortemilia;1034;1070;2104
17063;Corteno Golgi;973;936;1909
97025;Cortenova;572;601;1173
16083;Cortenuova;994;987;1981
18192;Corteolona e Genzone;1276;1296;2572
98024;Corte Palasio;792;730;1522
5048;Cortiglione;254;253;507
25016;Cortina d'Ampezzo;2555;2844;5399
21025;Cortina sulla strada del vino/Kurtinig an der Weinstraße;340;336;676
67022;Cortino;295;246;541
51017;Cortona;10017;10708;20725
68016;Corvara;95;91;186
21026;Corvara in Badia/Corvara;707;731;1438
18057;Corvino San Quirico;464;496;960
17064;Corzano;783;757;1540
30031;Coseano;974;1003;1977
78045;Cosenza;29989;33460;63449
8023;Cosio d'Arroscia;78;90;168
14024;Cosio Valtellino;2832;2754;5586
80030;Cosoleto;359;369;728
4074;Cossano Belbo;438;420;858
1095;Cossano Canavese;208;202;410
96020;Cossato;6671;7162;13833
9026;Cosseria;518;511;1029
44016;Cossignano;430;449;879
103023;Cossogno;339;323;662
90027;Cossoine;361;378;739
5049;Cossombrato;254;252;506
24035;Costabissara;3796;3852;7648
54016;Costacciaro;510;510;1020
18058;Costa de' Nobili;192;166;358
16084;Costa di Mezzate;1743;1685;3428
29018;Costa di Rovigo;1183;1237;2420
97026;Costa Masnaga;2390;2348;4738
2047;Costanzana;393;422;815
8024;Costarainera;377;390;767
16247;Costa Serina;479;431;910
16085;Costa Valle Imagna;282;265;547
6062;Costa Vescovato;164;146;310
16086;Costa Volpino;4354;4438;8792
23030;Costermano sul Garda;1994;2002;3996
5050;Costigliole d'Asti;2855;2809;5664
4075;Costigliole Saluzzo;1735;1572;3307
39009;Cotignola;3628;3709;7337
101009;Cotronei;2501;2567;5068
57026;Cottanello;269;248;517
7022;Courmayeur;1266;1228;2494
16087;Covo;2253;2115;4368
18059;Cozzo;201;157;358
77007;Craco;284;286;570
97027;Crandola Valsassina;139;122;261
2048;Cravagliana;126;114;240
4076;Cravanzana;166;178;344
103024;Craveggia;412;377;789
24036;Creazzo;5523;5696;11219
69027;Crecchio;1265;1285;2550
16088;Credaro;1796;1765;3561
19034;Credera Rubbiano;729;747;1476
19035;Crema;16538;17609;34147
97028;Cremella;837;852;1689
12056;Cremenaga;372;410;782
97029;Cremeno;1001;838;1839
13083;Cremia;333;341;674
6063;Cremolino;527;475;1002
19036;Cremona;34732;36361;71093
19037;Cremosano;890;840;1730
2049;Crescentino;3759;3744;7503
24037;Crespadoro;665;592;1257
98025;Crespiatica;1144;1064;2208
50041;Crespina Lorenzana;2637;2702;5339
29019;Crespino;883;904;1787
3055;Cressa;759;800;1559
96021;Crevacuore;681;692;1373
37024;Crevalcore;7101;7109;14210
103025;Crevoladossola;2141;2244;4385
63030;Crispano;5673;5893;11566
73004;Crispiano;6311;6505;12816
4077;Crissolo;76;56;132
10020;Crocefieschi;301;245;546
26025;Crocetta del Montello;2983;3091;6074
103026;Crodo;701;712;1413
67023;Crognaleto;576;433;1009
78046;Cropalati;473;474;947
79036;Cropani;2412;2500;4912
78047;Crosia;4787;4829;9616
12057;Crosio della Valle;326;298;624
101010;Crotone;28661;29475;58136
19038;Crotta d'Adda;325;288;613
2052;Crova;178;169;347
22068;Croviana;343;334;677
101011;Crucoli;1311;1441;2752
12058;Cuasso al Monte;1752;1793;3545
65049;Cuccaro Vetere;226;284;510
13084;Cucciago;1686;1679;3365
1096;Cuceglio;462;455;917
15096;Cuggiono;4047;4151;8198
12059;Cugliate-Fabiasco;1560;1559;3119
95019;Cuglieri;1206;1205;2411
68017;Cugnoli;650;674;1324
1097;Cumiana;3932;3882;7814
19039;Cumignano sul Naviglio;213;193;406
12060;Cunardo;1430;1450;2880
4078;Cuneo;27258;28489;55747
5051;Cunico;220;207;427
1098;Cuorgnè;4728;4755;9483
69028;Cupello;2447;2452;4899
44017;Cupra Marittima;2615;2728;5343
42016;Cupramontana;2130;2191;4321
18060;Cura Carpignano;2476;2604;5080
95077;Curcuris;146;143;289
3058;Cureggio;1271;1348;2619
12061;Curiglia con Monteviasco;82;59;141
79039;Curinga;3173;3185;6358
96023;Curino;218;248;466
16089;Curno;3734;3840;7574
21027;Curon Venosta/Graun im Vinschgau;1223;1175;2398
75025;Cursi;1876;1893;3769
28036;Curtarolo;3573;3577;7150
20021;Curtatone;7203;7488;14691
61032;Curti;3153;3464;6617
15097;Cusago;2414;2455;4869
15098;Cusano Milanino;9110;9884;18994
62026;Cusano Mutri;1873;1860;3733
13085;Cusino;131;119;250
16090;Cusio;108;89;197
81007;Custonaci;2607;2627;5234
101012;Cutro;4548;4617;9165
75026;Cutrofiano;4161;4477;8638
12062;Cuveglio;1639;1739;3378
12063;Cuvio;858;896;1754
15099;Dairago;3105;3241;6346
16091;Dalmine;11899;11919;23818
22071;Dambel;206;185;391
25017;Danta di Cadore;216;205;421
17065;Darfo Boario Terme;7940;8034;15974
102007;Dasà;532;535;1067
10021;Davagna;955;817;1772
12064;Daverio;1495;1535;3030
79042;Davoli;2830;2849;5679
14025;Dazio;255;266;521
92015;Decimomannu;4197;4178;8375
111013;Decimoputzu;2131;2034;4165
79043;Decollatura;1415;1402;2817
9027;Dego;905;921;1826
11012;Deiva Marina;608;668;1276
14026;Delebio;1697;1656;3353
85006;Delia;1812;2039;3851
80031;Delianuova;1469;1583;3052
71022;Deliceto;1701;1723;3424
17066;Dello;2868;2818;5686
4079;Demonte;978;870;1848
6065;Denice;79;82;161
22074;Denno;647;599;1246
6066;Dernice;85;89;174
19040;Derovere;145;139;284
54017;Deruta;4735;4827;9562
97030;Dervio;1241;1277;2518
2054;Desana;529;568;1097
17067;Desenzano del Garda;14003;15350;29353
108023;Desio;20683;21189;41872
91016;Desulo;994;1001;1995
78048;Diamante;2397;2550;4947
8025;Diano Arentino;334;335;669
8026;Diano Castello;1094;1176;2270
4080;Diano d'Alba;1796;1751;3547
8027;Diano Marina;2565;2910;5475
8028;Diano San Pietro;538;567;1105
48013;Dicomano;2911;2699;5610
30032;Dignano;1077;1144;2221
22233;Dimaro Folgarida;1044;1086;2130
102008;Dinami;803;839;1642
78049;Dipignano;1977;2077;4054
75027;Diso;1322;1470;2792
3060;Divignano;720;708;1428
13087;Dizzasco;308;334;642
21028;Dobbiaco/Toblach;1738;1754;3492
31003;Doberdò del Lago-Doberdob;628;665;1293
4081;Dogliani;2340;2265;4605
69029;Dogliola;167;137;304
30033;Dogna;75;73;148
23031;Dolcè;1278;1258;2536
8029;Dolceacqua;1110;1106;2216
8030;Dolcedo;633;631;1264
31004;Dolegna del Collio;154;131;285
111014;Dolianova;4693;4664;9357
27012;Dolo;7314;7679;14993
97031;Dolzago;1249;1295;2544
78050;Domanico;447;468;915
13089;Domaso;685;707;1392
25018;Domegge di Cadore;1093;1142;2235
64031;Domicella;901;893;1794
103028;Domodossola;8384;9241;17625
111015;Domus de Maria;817;813;1630
111016;Domusnovas;2815;2879;5694
96024;Donato;347;334;681
13090;Dongo;1555;1603;3158
7023;Donnas;1162;1232;2394
111017;Donori;960;952;1912
91017;Dorgali;4122;4116;8238
97032;Dorio;155;170;325
3062;Dormelletto;1223;1333;2556
18061;Dorno;2283;2325;4608
96025;Dorzano;272;256;528
20022;Dosolo;1566;1589;3155
16092;Dossena;452;426;878
13092;Dosso del Liro;114;121;235
7024;Doues;247;262;509
40011;Dovadola;781;810;1591
19041;Dovera;1852;1882;3734
37025;Dozza;3216;3297;6513
61033;Dragoni;877;985;1862
102009;Drapia;1045;1050;2095
22078;Drena;312;297;609
30034;Drenchia;47;41;88
15101;Dresano;1512;1542;3054
22079;Dro;2530;2558;5088
4082;Dronero;3537;3470;7007
1099;Druento;4383;4559;8942
103029;Druogno;521;508;1029
91018;Dualchi;268;291;559
14027;Dubino;1944;1903;3847
28106;Due Carrare;4498;4476;8974
24038;Dueville;6629;6949;13578
62027;Dugenta;1274;1353;2627
32001;Duino Aurisina-Devin Nabrežina;3964;4221;8185
12065;Dumenza;725;736;1461
12066;Duno;95;68;163
62028;Durazzano;1044;1013;2057
70022;Duronia;205;173;378
5052;Dusino San Michele;573;508;1081
65050;Eboli;19286;18370;37656
17068;Edolo;2157;2290;4447
21029;Egna/Neumarkt;2713;2805;5518
68018;Elice;796;819;1615
91019;Elini;271;284;555
97033;Ello;574;613;1187
92108;Elmas;4679;4801;9480
4083;Elva;39;41;80
7025;Emarèse;115;117;232
48014;Empoli;24191;25335;49526
16093;Endine Gaiano;1758;1704;3462
24039;Enego;789;708;1497
30035;Enemonzo;614;617;1231
86009;Enna;11884;13000;24884
4084;Entracque;363;378;741
16094;Entratico;1021;1004;2025
4085;Envie;996;956;1952
76030;Episcopia;579;609;1188
27013;Eraclea;5852;5968;11820
13095;Erba;7931;8335;16266
23032;Erbè;961;961;1922
23033;Erbezzo;481;369;850
17069;Erbusco;4524;4328;8852
74006;Erchie;3925;4116;8041
63064;Ercolano;23798;25381;49179
81008;Erice;12324;13249;25573
9028;Erli;126;119;245
93019;Erto e Casso;181;178;359
90088;Erula;351;351;702
97034;Erve;319;325;644
43016;Esanatoglia;893;984;1877
111018;Escalaplano;1089;928;2017
111019;Escolca;255;276;531
17070;Esine;2505;2550;5055
97035;Esino Lario;384;367;751
60031;Esperia;1789;1756;3545
90028;Esporlatu;172;188;360
28037;Este;7667;8189;15856
111020;Esterzili;263;273;536
7026;Etroubles;258;226;484
13097;Eupilio;1274;1252;2526
1100;Exilles;121;120;241
6067;Fabbrica Curone;250;280;530
46036;Fabbriche di Vergemoli;357;338;695
35021;Fabbrico;3568;3363;6931
42017;Fabriano;13929;14540;28469
56024;Fabrica di Roma;4079;4088;8167
102010;Fabrizia;921;1007;1928
55011;Fabro;1246;1324;2570
30036;Faedis;1389;1342;2731
14028;Faedo Valtellino;263;245;508
39010;Faenza;29109;29641;58750
71023;Faeto;322;302;624
30037;Fagagna;3018;3058;6076
13098;Faggeto Lario;542;521;1063
73005;Faggiano;1656;1710;3366
66042;Fagnano Alto;165;172;337
78051;Fagnano Castello;1583;1674;3257
12067;Fagnano Olona;6135;6276;12411
62029;Faicchio;1576;1585;3161
22081;Fai della Paganella;469;472;941
25019;Falcade;844;890;1734
61101;Falciano del Massico;1682;1747;3429
78052;Falconara Albanese;738;769;1507
42018;Falconara Marittima;12784;13238;26022
83019;Falcone;1377;1449;2826
56025;Faleria;1006;1018;2024
79047;Falerna;2127;1886;4013
109005;Falerone;1602;1546;3148
69104;Fallo;66;55;121
13099;Faloppio;2395;2487;4882
60032;Falvaterra;259;244;503
21030;Falzes/Pfalzen;1622;1570;3192
36011;Fanano;1475;1509;2984
93020;Fanna;732;735;1467
41013;Fano;29002;30869;59871
67024;Fano Adriano;137;106;243
69030;Fara Filiorum Petri;1009;963;1972
16096;Fara Gera d'Adda;4028;4052;8080
57027;Fara in Sabina;6976;6992;13968
3065;Fara Novarese;1004;1005;2009
16097;Fara Olivana con Sola;718;627;1345
69031;Fara San Martino;631;622;1253
24040;Fara Vicentino;1855;1860;3715
76031;Fardella;291;277;568
4086;Farigliano;850;848;1698
68019;Farindola;644;649;1293
33019;Farini;529;515;1044
56026;Farnese;653;684;1337
26026;Farra di Soligo;4171;4326;8497
31005;Farra d'Isonzo;831;850;1681
74007;Fasano;19017;19730;38747
10022;Fascia;35;30;65
50014;Fauglia;1812;1843;3655
4087;Faule;235;239;474
10023;Favale di Malvaro;209;212;421
84017;Favara;15178;15989;31167
81009;Favignana;2327;2213;4540
1101;Favria;2446;2516;4962
4088;Feisoglio;139;149;288
1102;Feletto;1083;1068;2151
34013;Felino;4635;4643;9278
65051;Felitto;556;584;1140
6068;Felizzano;1024;1042;2066
25021;Feltre;10101;10499;20600
13100;Fenegrò;1703;1623;3326
1103;Fenestrelle;238;228;466
7027;Fénis;862;917;1779
55012;Ferentillo;878;889;1767
60033;Ferentino;9931;9971;19902
89008;Ferla;1098;1121;2219
41014;Fermignano;4099;4169;8268
109006;Fermo;17505;18348;35853
12068;Ferno;3350;3365;6715
79048;Feroleto Antico;944;987;1931
80032;Feroleto della Chiesa;719;770;1489
77008;Ferrandina;3899;3914;7813
38008;Ferrara;61868;67180;129048
23034;Ferrara di Monte Baldo;162;140;302
70023;Ferrazzano;1680;1710;3390
12069;Ferrera di Varese;347;347;694
18062;Ferrera Erbognone;581;531;1112
5053;Ferrere;757;754;1511
33020;Ferriere;594;487;1081
80033;Ferruzzano;328;357;685
57028;Fiamignano;611;540;1151
1104;Fiano;1322;1316;2638
58036;Fiano Romano;8632;8261;16893
43017;Fiastra;319;281;600
22083;Fiavè;542;561;1103
82035;Ficarazzi;6310;6603;12913
29021;Ficarolo;1060;1139;2199
83020;Ficarra;620;647;1267
55013;Ficulle;779;769;1548
34014;Fidenza;13478;14095;27573
21031;Fiè allo Sciliar/Völs am Schlern;1869;1878;3747
22085;Fierozzo;246;208;454
19043;Fiesco;614;603;1217
48015;Fiesole;6626;7116;13742
17071;Fiesse;1076;1019;2095
27014;Fiesso d'Artico;4272;4430;8702
29022;Fiesso Umbertiano;1935;1947;3882
13101;Figino Serenza;2453;2519;4972
48052;Figline e Incisa Valdarno;11399;11892;23291
78053;Figline Vegliaturo;528;560;1088
58037;Filacciano;231;250;481
102011;Filadelfia;2417;2525;4942
16098;Filago;1562;1568;3130
102012;Filandari;857;880;1737
45006;Filattiera;1067;1080;2147
60034;Filettino;286;247;533
69032;Filetto;396;411;807
76032;Filiano;1311;1298;2609
18063;Filighera;411;401;812
94019;Filignano;297;267;564
102013;Filogaso;668;638;1306
42019;Filottrano;4384;4465;8849
36012;Finale Emilia;7773;7797;15570
9029;Finale Ligure;5293;5610;10903
16099;Fino del Monte;606;529;1135
13102;Fino Mornasco;5111;5028;10139
16100;Fiorano al Serio;1427;1511;2938
1105;Fiorano Canavese;365;360;725
36013;Fiorano Modenese;8252;8358;16610
33021;Fiorenzuola d'Arda;7442;7606;15048
48017;Firenze;171535;190090;361625
48018;Firenzuola;2253;2191;4444
78054;Firmo;871;887;1758
38027;Fiscaglia;4235;4328;8563
65052;Fisciano;7135;7102;14237
60035;Fiuggi;4945;5235;10180
36014;Fiumalbo;610;567;1177
80034;Fiumara;383;406;789
83021;Fiumedinisi;607;643;1250
78055;Fiumefreddo Bruzio;1992;1987;3979
87016;Fiumefreddo di Sicilia;4256;4709;8965
93021;Fiume Veneto;5806;6000;11806
30190;Fiumicello Villa Vicentina;3077;3174;6251
58120;Fiumicino;41823;41592;83415
43019;Fiuminata;591;603;1194
45007;Fivizzano;3384;3502;6886
30039;Flaibano;549;564;1113
17072;Flero;4424;4388;8812
83022;Floresta;227;231;458
89009;Floridia;10285;10712;20997
90029;Florinas;706;753;1459
64032;Flumeri;1213;1249;2462
111021;Fluminimaggiore;1265;1310;2575
95080;Flussio;179;207;386
2057;Fobello;108;77;185
71024;Foggia;72167;72911;145078
62030;Foglianise;1508;1593;3101
31006;Fogliano Redipuglia;1445;1521;2966
1106;Foglizzo;1129;1149;2278
51018;Foiano della Chiana;4455;4571;9026
62031;Foiano di Val Fortore;642;659;1301
22087;Folgaria;1571;1598;3169
44020;Folignano;4342;4307;8649
54018;Foligno;26648;28614;55262
26027;Follina;1751;1863;3614
11013;Follo;3120;3119;6239
53009;Follonica;9415;10585;20000
98026;Fombio;1170;1096;2266
83023;Fondachelli-Fantina;631;427;1058
59007;Fondi;20166;20144;40310
91024;Fonni;1727;1825;3552
7028;Fontainemore;228;209;437
93022;Fontanafredda;6451;6501;12952
60036;Fontana Liri;1261;1328;2589
64033;Fontanarosa;1404;1428;2832
37026;Fontanelice;959;951;1910
16101;Fontanella;2489;2425;4914
34015;Fontanellato;3610;3485;7095
26028;Fontanelle;2755;2804;5559
3066;Fontaneto d'Agogna;1323;1333;2656
2058;Fontanetto Po;528;508;1036
10024;Fontanigorda;126;100;226
5054;Fontanile;245;228;473
28038;Fontaniva;4068;4026;8094
26029;Fonte;3125;2938;6063
66043;Fontecchio;138;142;280
60037;Fontechiari;561;630;1191
61034;Fontegreca;375;362;737
16102;Fonteno;291;259;550
58122;Fonte Nuova;16142;16645;32787
34016;Fontevivo;2782;2747;5529
25022;Fonzaso;1478;1488;2966
16103;Foppolo;88;64;152
57029;Forano;1630;1600;3230
44021;Force;546;534;1080
62032;Forchia;606;584;1190
14029;Forcola;387;366;753
95020;Fordongianus;381;416;797
76033;Forenza;885;841;1726
16104;Foresto Sparso;1593;1540;3133
30137;Forgaria nel Friuli;829;838;1667
64034;Forino;2680;2538;5218
63031;Forio;8706;8758;17464
40012;Forlì;58019;60034;118053
94020;Forlì del Sannio;324;303;627
40013;Forlimpopoli;6524;6616;13140
103031;Formazza;205;205;410
58038;Formello;6707;7218;13925
59008;Formia;17725;19050;36775
61035;Formicola;665;728;1393
19044;Formigara;512;526;1038
36015;Formigine;17080;17416;34496
2059;Formigliana;253;235;488
22089;Fornace;706;657;1363
94021;Fornelli;885;893;1778
30040;Forni Avoltri;259;236;495
30041;Forni di Sopra;453;437;890
30042;Forni di Sotto;252;266;518
1107;Forno Canavese;1636;1516;3152
34017;Fornovo di Taro;2985;3054;6039
16105;Fornovo San Giovanni;1698;1726;3424
46013;Forte dei Marmi;3009;3541;6550
21032;Fortezza/Franzensfeste;598;541;1139
18064;Fortunago;189;178;367
83024;Forza d'Agrò;456;446;902
46014;Fosciandora;262;291;553
45008;Fosdinovo;2255;2325;4580
66044;Fossa;336;346;682
69033;Fossacesia;3128;3141;6269
27015;Fossalta di Piave;2085;2166;4251
27016;Fossalta di Portogruaro;2782;2965;5747
70024;Fossalto;542;557;1099
4089;Fossano;12121;12036;24157
54019;Fossato di Vico;1294;1291;2585
79052;Fossato Serralta;263;264;527
27017;Fossò;3489;3629;7118
41015;Fossombrone;4495;4533;9028
24041;Foza;361;313;674
4090;Frabosa Soprana;432;308;740
4091;Frabosa Sottana;889;755;1644
6069;Fraconalto;170;137;307
73006;Fragagnano;2358;2531;4889
62033;Fragneto l'Abate;418;475;893
62034;Fragneto Monforte;794;852;1646
69034;Fraine;113;125;238
11014;Framura;285;282;567
69035;Francavilla al Mare;12155;13366;25521
102014;Francavilla Angitola;925;873;1798
6070;Francavilla Bisio;240;251;491
109007;Francavilla d'Ete;476;438;914
83025;Francavilla di Sicilia;1735;1763;3498
74008;Francavilla Fontana;16637;17715;34352
76034;Francavilla in Sinni;1901;1922;3823
78056;Francavilla Marittima;1338;1370;2708
102015;Francica;813;795;1608
89010;Francofonte;5649;5835;11484
61036;Francolise;2342;2319;4661
6071;Frascaro;200;225;425
18065;Frascarolo;532;543;1075
58039;Frascati;10938;12010;22948
78057;Frascineto;866;946;1812
22090;Frassilongo;174;162;336
29023;Frassinelle Polesine;657;669;1326
6072;Frassinello Monferrato;220;229;449
6073;Frassineto Po;658;691;1349
1108;Frassinetto;163;109;272
4092;Frassino;137;113;250
36016;Frassinoro;862;835;1697
57030;Frasso Sabino;366;367;733
62035;Frasso Telesino;971;975;1946
63032;Frattamaggiore;13900;14777;28677
63033;Frattaminore;7599;7813;15412
29024;Fratta Polesine;1156;1289;2445
54020;Fratta Todina;996;917;1913
41016;Fratte Rosa;427;400;827
83026;Frazzanò;250;274;524
26030;Fregona;1357;1381;2738
69036;Fresagrandinaria;462;451;913
6074;Fresonara;338;313;651
64035;Frigento;1702;1694;3396
61037;Frignano;4420;4554;8974
5055;Frinco;357;365;722
69037;Frisa;777;817;1594
93024;Frisanco;306;293;599
1109;Front;804;786;1590
41017;Frontino;146;144;290
41018;Frontone;580;612;1192
60038;Frosinone;20614;22222;42836
94022;Frosolone;1388;1333;2721
1110;Frossasco;1411;1435;2846
6075;Frugarolo;925;957;1882
6076;Fubine Monferrato;783;821;1604
48019;Fucecchio;11315;11604;22919
16106;Fuipiano Valle Imagna;103;100;203
23035;Fumane;2171;2022;4193
60039;Fumone;953;976;1929
21033;Funes/Villnöß;1290;1260;2550
69038;Furci;377;402;779
83027;Furci Siculo;1569;1676;3245
83028;Furnari;2110;2136;4246
65053;Furore;359;319;678
111022;Furtei;734;740;1474
78058;Fuscaldo;4062;3861;7923
39011;Fusignano;4121;4137;8258
14030;Fusine;275;270;545
65054;Futani;489;559;1048
19045;Gabbioneta-Binanuova;436;423;859
6077;Gabiano;517;516;1033
41019;Gabicce Mare;2648;2763;5411
7029;Gaby;203;201;404
19046;Gadesco-Pieve Delmona;966;916;1882
91025;Gadoni;307;331;638
59009;Gaeta;9189;9719;18908
83029;Gaggi;1506;1588;3094
15103;Gaggiano;4652;4891;9543
37027;Gaggio Montano;2480;2451;4931
96026;Gaglianico;1814;1989;3803
66045;Gagliano Aterno;114;107;221
86010;Gagliano Castelferrato;1504;1607;3111
75028;Gagliano del Capo;2324;2455;4779
79055;Gagliato;192;219;411
43020;Gagliole;269;244;513
26031;Gaiarine;2959;2867;5826
29025;Gaiba;462;470;932
4093;Gaiola;301;273;574
52013;Gaiole in Chianti;1260;1200;2460
91026;Gairo;626;646;1272
21034;Gais/Gais;1676;1607;3283
83030;Galati Mamertino;964;1144;2108
75029;Galatina;12117;13056;25173
75030;Galatone;7182;7673;14855
80035;Galatro;672;719;1391
97036;Galbiate;4131;4295;8426
40014;Galeata;1313;1243;2556
98027;Galgagnano;669;639;1308
12070;Gallarate;26060;26963;53023
56027;Gallese;1252;1299;2551
3068;Galliate;7781;8103;15884
12071;Galliate Lombardo;507;528;1035
18066;Galliavola;83;88;171
46015;Gallicano;1827;1765;3592
58040;Gallicano nel Lazio;3350;3228;6578
76035;Gallicchio;392;355;747
37028;Galliera;2968;2808;5776
28039;Galliera Veneta;3604;3561;7165
60040;Gallinaro;562;602;1164
24042;Gallio;1162;1192;2354
75031;Gallipoli;9154;9672;18826
83031;Gallodoro;159;161;320
61038;Gallo Matese;220;219;439
61039;Galluccio;986;1001;1987
91027;Galtellì;1171;1206;2377
28040;Galzignano Terme;2115;2156;4271
6078;Gamalero;364;419;783
17073;Gambara;2492;2268;4760
18067;Gambarana;88;86;174
4094;Gambasca;201;175;376
48020;Gambassi Terme;2381;2491;4872
70025;Gambatesa;608;625;1233
24043;Gambellara;1744;1710;3454
69039;Gamberale;138;129;267
40015;Gambettola;5361;5602;10963
18068;Gambolò;4869;4944;9813
16107;Gandellino;495;441;936
16108;Gandino;2566;2616;5182
16109;Gandosso;749;697;1446
82036;Gangi;2838;3080;5918
77009;Garaguso;440;447;887
6079;Garbagna;319;319;638
3069;Garbagna Novarese;688;709;1397
15105;Garbagnate Milanese;13188;13876;27064
97037;Garbagnate Monastero;1298;1205;2503
23036;Garda;1989;2055;4044
17074;Gardone Riviera;1280;1288;2568
17075;Gardone Val Trompia;5840;5759;11599
4095;Garessio;1388;1445;2833
3070;Gargallo;856;895;1751
21035;Gargazzone/Gargazon;862;928;1790
17076;Gargnano;1263;1352;2615
18069;Garlasco;4697;4968;9665
97038;Garlate;1320;1341;2661
9030;Garlenda;695;702;1397
22091;Garniga Terme;226;201;427
13106;Garzeno;323;333;656
1111;Garzigliana;276;288;564
79056;Gasperina;936;924;1860
1112;Gassino Torinese;4448;4760;9208
35022;Gattatico;2957;2866;5823
40016;Gatteo;4720;4749;9469
3166;Gattico-Veruno;2580;2731;5311
2061;Gattinara;3651;3897;7548
17077;Gavardo;6353;6085;12438
29026;Gavello;718;700;1418
16110;Gaverina Terme;469;430;899
6081;Gavi;2151;2193;4344
58041;Gavignano;932;922;1854
12072;Gavirate;4420;4725;9145
91028;Gavoi;1180;1224;2404
53010;Gavorrano;4173;4183;8356
20024;Gazoldo degli Ippoliti;1560;1486;3046
12073;Gazzada Schianno;2266;2369;4635
16111;Gazzaniga;2419;2557;4976
28041;Gazzo;2155;2140;4295
33022;Gazzola;1132;1069;2201
23037;Gazzo Veronese;2634;2592;5226
20025;Gazzuolo;1016;1019;2035
85007;Gela;34154;35955;70109
99004;Gemmano;574;582;1156
30043;Gemona del Friuli;4989;5427;10416
12074;Gemonio;1404;1467;2871
58042;Genazzano;2852;2885;5737
42020;Genga;798;814;1612
19047;Genivolta;549;533;1082
4096;Genola;1307;1257;2564
111023;Genoni;356;360;716
10025;Genova;272950;293297;566247
111024;Genuri;141;154;295
76036;Genzano di Lucania;2498;2538;5036
58043;Genzano di Roma;10804;11525;22329
80036;Gerace;1149;1126;2275
82037;Geraci Siculo;827;809;1636
13107;Gera Lario;549;516;1065
58044;Gerano;563;547;1110
18071;Gerenzago;758;745;1503
12075;Gerenzano;5449;5616;11065
111025;Gergei;560;535;1095
1113;Germagnano;577;554;1131
103032;Germagno;101;84;185
12076;Germignaga;1863;1918;3781
102016;Gerocarne;934;922;1856
14031;Gerola Alta;91;67;158
19048;Gerre de' Caprioli;669;641;1310
111026;Gesico;359;339;698
15106;Gessate;4574;4563;9137
69040;Gessopalena;562;575;1137
111027;Gesturi;550;563;1113
64036;Gesualdo;1578;1616;3194
17078;Ghedi;9422;9124;18546
3073;Ghemme;1722;1707;3429
103033;Ghiffa;1071;1094;2165
95021;Ghilarza;1917;2121;4038
16113;Ghisalba;3140;3116;6256
2062;Ghislarengo;416;404;820
29027;Giacciano con Baruchella;1057;1026;2083
1114;Giaglione;288;297;585
17079;Gianico;1032;1046;2078
54021;Giano dell'Umbria;1828;1841;3669
61040;Giano Vetusto;318;347;665
82038;Giardinello;1131;1098;2229
83032;Giardini-Naxos;4519;4918;9437
6082;Giarole;328;354;682
88004;Giarratana;1520;1474;2994
87017;Giarre;12849;13617;26466
90030;Giave;241;230;471
1115;Giaveno;8050;8311;16361
26032;Giavera del Montello;2593;2517;5110
111028;Giba;912;949;1861
81010;Gibellina;1743;1893;3636
96027;Gifflenga;55;49;104
80037;Giffone;755;798;1553
65055;Giffoni Sei Casali;2485;2466;4951
65056;Giffoni Valle Piana;5669;5792;11461
103034;Gignese;568;551;1119
7030;Gignod;841;838;1679
70026;Gildone;350;357;707
79058;Gimigliano;1435;1460;2895
76099;Ginestra;330;325;655
62036;Ginestra degli Schiavoni;187;191;378
73007;Ginosa;11037;10684;21721
65057;Gioi;503;555;1058
66046;Gioia dei Marsi;900;788;1688
72021;Gioia del Colle;13074;13359;26433
61041;Gioia Sannitica;1596;1610;3206
80038;Gioia Tauro;9627;9697;19324
80039;Gioiosa Ionica;3382;3452;6834
83033;Gioiosa Marea;3269;3417;6686
55014;Giove;892;937;1829
72022;Giovinazzo;9225;9862;19087
22092;Giovo;1294;1224;2518
91031;Girasole;687;682;1369
79059;Girifalco;2630;2771;5401
69041;Gissi;1196;1205;2401
75032;Giuggianello;545;573;1118
63034;Giugliano in Campania;61720;63298;125018
82039;Giuliana;823;803;1626
60041;Giuliano di Roma;1154;1156;2310
69042;Giuliano Teatino;547;558;1105
67025;Giulianova;11216;12340;23556
65058;Giungano;644;661;1305
75033;Giurdignano;970;966;1936
18072;Giussago;2736;2649;5385
108024;Giussano;13213;13296;26509
9031;Giustenice;484;508;992
22093;Giustino;373;379;752
9032;Giusvalla;196;193;389
1116;Givoletto;2015;2045;4060
79060;Gizzeria;2844;2545;5389
21036;Glorenza/Glurns;464;473;937
26033;Godega di Sant'Urbano;2979;3035;6014
18073;Godiasco Salice Terme;1586;1708;3294
82040;Godrano;493;488;981
20026;Goito;5101;5034;10135
12077;Golasecca;1331;1299;2630
18074;Golferenzo;89;73;162
90083;Golfo Aranci;1152;1221;2373
19049;Gombito;321;290;611
30044;Gonars;2241;2311;4552
111029;Goni;246;188;434
111030;Gonnesa;2216;2240;4456
95022;Gonnoscodina;221;200;421
111031;Gonnosfanadiga;2913;3046;5959
95023;Gonnosnò;334;339;673
95024;Gonnostramatza;380;397;777
20027;Gonzaga;4386;4188;8574
14032;Gordona;980;976;1956
58045;Gorga;333;316;649
26034;Gorgo al Monticano;2026;1950;3976
77010;Gorgoglione;427;401;828
15108;Gorgonzola;10389;11059;21448
66047;Goriano Sicoli;275;248;523
31007;Gorizia;16624;17055;33679
16114;Gorlago;2620;2562;5182
12078;Gorla Maggiore;2359;2422;4781
12079;Gorla Minore;4106;4130;8236
16115;Gorle;3202;3370;6572
12080;Gornate Olona;1129;1083;2212
16116;Gorno;730;699;1429
38025;Goro;1608;1745;3353
10026;Gorreto;42;42;84
4097;Gorzegno;118;121;239
25025;Gosaldo;267;244;511
33023;Gossolengo;2817;2878;5695
4098;Gottasecca;59;57;116
17080;Gottolengo;2502;2549;5051
4099;Govone;1102;1131;2233
3076;Gozzano;2771;2693;5464
41020;Gradara;2475;2424;4899
31008;Gradisca d'Isonzo;3063;3331;6394
31009;Grado;3594;3860;7454
56028;Gradoli;600;620;1220
98028;Graffignana;1335;1267;2602
56029;Graffignano;1012;1046;2058
96028;Graglia;695;745;1440
63035;Gragnano;13407;14013;27420
33024;Gragnano Trebbiense;2227;2288;4515
87018;Grammichele;5949;6178;12127
5056;Grana Monferrato;244;263;507
37030;Granarolo dell'Emilia;6421;6696;13117
13110;Grandate;1342;1461;2803
13111;Grandola ed Uniti;650;639;1289
83034;Graniti;732;702;1434
3077;Granozzo con Monticello;642;660;1302
12081;Grantola;602;623;1225
28042;Grantorto;2237;2198;4435
28043;Granze;913;960;1873
77011;Grassano;2258;2272;4530
16117;Grassobbio;3294;3253;6547
82041;Gratteri;421;432;853
13249;Gravedona ed Uniti;1969;2063;4032
18075;Gravellona Lomellina;1342;1354;2696
103035;Gravellona Toce;3708;3934;7642
1117;Gravere;355;329;684
87019;Gravina di Catania;12047;13283;25330
72023;Gravina in Puglia;20822;21168;41990
61042;Grazzanise;3433;3372;6805
5057;Grazzano Badoglio;260;251;511
57031;Greccio;720;728;1448
64037;Greci;300;294;594
2065;Greggio;168;162;330
6083;Gremiasco;140;137;277
7031;Gressan;1616;1707;3323
7032;Gressoney-La-Trinité;154;167;321
7033;Gressoney-Saint-Jean;388;381;769
48021;Greve in Chianti;6620;6745;13365
15110;Grezzago;1645;1531;3176
23038;Grezzana;5439;5336;10775
13113;Griante;273;280;553
61043;Gricignano di Aversa;6694;6529;13223
3079;Grignasco;2089;2210;4299
22095;Grigno;1009;1021;2030
30045;Grimacco;152;147;299
78059;Grimaldi;762;727;1489
4100;Grinzane Cavour;954;984;1938
24046;Grisignano di Zocco;2159;2160;4319
78060;Grisolia;1066;1095;2161
37031;Grizzana Morandi;2044;1903;3947
6084;Grognardo;127;98;225
16118;Gromo;607;535;1142
6085;Grondona;231;246;477
16119;Grone;481;457;938
19050;Grontardo;751;747;1498
18076;Gropello Cairoli;2130;2232;4362
33025;Gropparello;1117;1056;2173
1118;Groscavallo;99;84;183
14033;Grosio;2030;2200;4230
14034;Grosotto;810;831;1641
53011;Grosseto;39345;41930;81275
1119;Grosso;492;512;1004
58046;Grottaferrata;9558;10787;20345
73008;Grottaglie;14492;15484;29976
64038;Grottaminarda;3751;3813;7564
44023;Grottammare;7684;8229;15913
109008;Grottazzolina;1584;1655;3239
84018;Grotte;2379;2665;5044
56030;Grotte di Castro;1243;1131;2374
80040;Grotteria;1376;1439;2815
77012;Grottole;969;966;1935
64039;Grottolella;914;897;1811
27018;Gruaro;1312;1388;2700
1120;Grugliasco;17502;18908;36410
19051;Grumello Cremonese ed Uniti;884;841;1725
16120;Grumello del Monte;3828;3847;7675
76037;Grumento Nova;757;757;1514
72024;Grumo Appula;6079;5877;11956
24047;Grumolo delle Abbadesse;1989;1911;3900
63036;Grumo Nevano;8565;8492;17057
75034;Guagnano;2517;2762;5279
43021;Gualdo;337;363;700
54022;Gualdo Cattaneo;2895;2733;5628
54023;Gualdo Tadino;6749;7384;14133
35023;Gualtieri;3201;3163;6364
83035;Gualtieri Sicaminò;711;797;1508
111032;Guamaggiore;435;437;872
13114;Guanzate;2885;2925;5810
60042;Guarcino;773;715;1488
2066;Guardabosone;147;149;296
98029;Guardamiglio;1371;1359;2730
79061;Guardavalle;1938;2066;4004
29028;Guarda Veneta;541;559;1100
55015;Guardea;846;868;1714
69043;Guardiagrele;4028;4133;8161
70027;Guardialfiera;475;467;942
64040;Guardia Lombardi;698;748;1446
76038;Guardia Perticara;250;252;502
78061;Guardia Piemontese;866;901;1767
70028;Guardiaregia;348;311;659
62037;Guardia Sanframondi;2227;2238;4465
50015;Guardistallo;582;619;1201
4101;Guarene;1758;1790;3548
111033;Guasila;1198;1213;2411
35024;Guastalla;7233;7442;14675
6086;Guazzora;142;146;288
54024;Gubbio;14744;15446;30190
15112;Gudo Visconti;775;833;1608
70029;Guglionesi;2491;2383;4874
20028;Guidizzolo;3042;3003;6045
58047;Guidonia Montecelio;44358;45062;89420
36017;Guiglia;2224;2132;4356
69044;Guilmi;233;210;443
103036;Gurro;84;75;159
111034;Guspini;5219;5344;10563
17081;Gussago;8222;8441;16663
19052;Gussola;1348;1339;2687
7034;Hône;561;603;1164
17082;Idro;929;944;1873
111035;Iglesias;11756;12653;24409
4102;Igliano;33;30;63
91032;Ilbono;959;1007;1966
23039;Illasi;2602;2547;5149
90031;Illorai;324;374;698
97039;Imbersago;1272;1293;2565
22097;Imer;593;559;1152
37032;Imola;33796;35906;69702
8031;Imperia;20921;21673;42594
48022;Impruneta;6832;7354;14186
12082;Inarzo;529;544;1073
5058;Incisa Scapaccino;1016;990;2006
17083;Incudine;168;177;345
12083;Induno Olona;5119;5327;10446
1121;Ingria;26;18;44
103037;Intragna;47;38;85
97040;Introbio;992;956;1948
7035;Introd;327;315;642
66048;Introdacqua;967;961;1928
13118;Inverigo;4550;4599;9149
18077;Inverno e Monteleone;758;735;1493
1122;Inverso Pinasca;350;327;677
15113;Inveruno;4212;4356;8568
3082;Invorio;2125;2165;4290
15114;Inzago;5671;5794;11465
91033;Irgoli;1098;1096;2194
17084;Irma;73;62;135
77013;Irsina;2253;2039;4292
4103;Isasca;37;26;63
79063;Isca sullo Ionio;748;732;1480
63037;Ischia;9620;9795;19415
56031;Ischia di Castro;1025;1082;2107
71025;Ischitella;2018;2010;4028
17085;Iseo;4316;4653;8969
22098;Isera;1399;1417;2816
94023;Isernia;9900;10591;20491
111036;Isili;1220;1209;2429
82042;Isnello;752;641;1393
1123;Isolabella;176;179;355
8032;Isolabona;346;343;689
5059;Isola d'Asti;937;960;1897
10027;Isola del Cantone;719;706;1425
53012;Isola del Giglio;691;588;1279
67026;Isola del Gran Sasso d'Italia;2180;2220;4400
23040;Isola della Scala;5977;5848;11825
82043;Isola delle Femmine;3390;3573;6963
60043;Isola del Liri;5085;5432;10517
41021;Isola del Piano;269;248;517
101013;Isola di Capo Rizzuto;10255;8730;18985
16121;Isola di Fondra;86;86;172
19053;Isola Dovarese;539;526;1065
23041;Isola Rizza;1671;1646;3317
6087;Isola Sant'Antonio;368;286;654
24048;Isola Vicentina;5121;5169;10290
71026;Isole Tremiti;269;201;470
17086;Isorella;2134;1989;4123
65059;Ispani;476;495;971
88005;Ispica;8605;8101;16706
12084;Ispra;2568;2790;5358
1124;Issiglio;219;215;434
7036;Issime;187;185;372
16122;Isso;329;306;635
7037;Issogne;646;637;1283
26035;Istrana;4707;4381;9088
83036;Itala;714;777;1491
59010;Itri;5400;5179;10579
90032;Ittireddu;238;219;457
90033;Ittiri;3802;3928;7730
1125;Ivrea;10824;11720;22544
19054;Izano;995;956;1951
79065;Jacurso;232;280;512
70030;Jelsi;779;751;1530
58048;Jenne;168;156;324
12085;Jerago con Orago;2583;2594;5177
91035;Jerzu;1444;1468;2912
42021;Jesi;19230;20200;39430
27019;Jesolo;13154;13966;27120
38010;Jolanda di Savoia;1302;1293;2595
102017;Jonadi;2333;2435;4768
102018;Joppolo;866;845;1711
84019;Joppolo Giancaxio;506;558;1064
7038;Jovençan;362;339;701
58049;Labico;3180;3229;6409
57032;Labro;178;164;342
1126;La Cassa;872;847;1719
15115;Lacchiarella;4498;4633;9131
63038;Lacco Ameno;2191;2278;4469
64041;Lacedonia;1021;990;2011
21037;Laces/Latsch;2616;2663;5279
95082;Laconi;786;803;1589
58116;Ladispoli;19997;20971;40968
90034;Laerru;407;399;806
80041;Laganadi;153;168;321
24049;Laghi;70;65;135
13119;Laglio;375;438;813
4104;Lagnasco;729;655;1384
78062;Lago;1177;1185;2362
76039;Lagonegro;2381;2524;4905
38011;Lagosanto;2247;2411;4658
21038;Lagundo/Algund;2447;2628;5075
9033;Laigueglia;787;894;1681
15116;Lainate;13000;13457;26457
13120;Laino;288;278;566
78063;Laino Borgo;772;806;1578
78064;Laino Castello;351;398;749
21039;Laion/Lajen;1439;1394;2833
21040;Laives/Leifers;9309;9372;18681
50016;Lajatico;625;627;1252
16123;Lallio;2090;2164;4254
1127;La Loggia;4302;4371;8673
90035;La Maddalena;5243;5206;10449
69045;Lama dei Peligni;499;508;1007
7039;La Magdeleine;60;47;107
36018;Lama Mocogno;1343;1336;2679
13121;Lambrugo;1270;1274;2544
79160;Lamezia Terme;33242;33763;67005
25026;Lamon;1253;1323;2576
4105;La Morra;1336;1290;2626
84020;Lampedusa e Linosa;3392;3093;6485
47005;Lamporecchio;3605;3755;7360
2067;Lamporo;231;237;468
21041;Lana/Lana;6291;6454;12745
69046;Lanciano;16349;17494;33843
3083;Landiona;249;269;518
18078;Landriano;3293;3258;6551
34018;Langhirano;5533;5431;10964
18079;Langosco;181;184;365
91037;Lanusei;2396;2485;4881
58050;Lanuvio;6465;6432;12897
14036;Lanzada;639;588;1227
1128;Lanzo Torinese;2484;2554;5038
109009;Lapedona;572;572;1144
64042;Lapio;736;685;1421
78065;Lappano;443;406;849
66049;L'Aquila;35143;35660;70803
47006;Larciano;3100;3241;6341
18080;Lardirago;613;550;1163
58115;Lariano;6537;6760;13297
70031;Larino;3148;3109;6257
21042;Lasa/Laas;2093;2089;4182
7040;La Salle;1030;1005;2035
82044;Lascari;1870;1899;3769
13123;Lasnigo;220;224;444
11015;La Spezia;45351;47259;92610
111037;Las Plassas;110;98;208
24050;Lastebasse;85;89;174
48024;Lastra a Signa;9883;9997;19880
56032;Latera;410;362;772
51042;Laterina Pergine Valdarno;3141;3150;6291
73009;Laterza;7183;7401;14584
7041;La Thuile;391;355;746
74009;Latiano;6420;6802;13222
59011;Latina;62690;64760;127450
30046;Latisana;6346;6816;13162
76040;Latronico;1993;1957;3950
78066;Lattarico;1810;1861;3671
30047;Lauco;320;306;626
65060;Laureana Cilento;639;616;1255
80042;Laureana di Borrello;2233;2324;4557
21043;Lauregno/Laurein;178;138;316
76041;Laurenzana;750;778;1528
76042;Lauria;5634;6017;11651
1129;Lauriano;662;694;1356
65061;Laurino;598;602;1200
65062;Laurito;323;324;647
64043;Lauro;1557;1686;3243
10028;Lavagna;5801;6610;12411
23042;Lavagno;4321;4409;8730
25027;La Valle Agordina;536;504;1040
97092;La Valletta Brianza;2339;2298;4637
21117;La Valle/Wengen;726;693;1419
22102;Lavarone;610;595;1205
76043;Lavello;6618;6202;12820
12086;Lavena Ponte Tresa;2712;2937;5649
12087;Laveno-Mombello;3940;4430;8370
17087;Lavenone;253;255;508
65063;Laviano;616;645;1261
22103;Lavis;4583;4625;9208
23043;Lazise;3329;3442;6771
108025;Lazzate;3796;3926;7722
75035;Lecce;45124;49263;94387
66050;Lecce nei Marsi;729;747;1476
97042;Lecco;22798;24528;47326
22229;Ledro;2693;2785;5478
16124;Leffe;2145;2168;4313
12088;Leggiuno;1728;1893;3621
23044;Legnago;12750;13334;26084
15118;Legnano;29550;31430;60980
28044;Legnaro;4780;4784;9564
91038;Lei;226;207;433
1130;Leini;8083;8256;16339
10029;Leivi;1210;1237;2447
1131;Lemie;89;64;153
29029;Lendinara;5785;5753;11538
83037;Leni;342;327;669
16125;Lenna;258;291;549
17088;Leno;7300;7174;14474
59012;Lenola;2069;2026;4095
2068;Lenta;383;376;759
108054;Lentate sul Seveso;8071;7978;16049
69047;Lentella;339;314;653
89011;Lentini;10220;10802;21022
57033;Leonessa;1026;993;2019
86011;Leonforte;5824;6199;12023
73010;Leporano;4158;4044;8202
75036;Lequile;4187;4413;8600
4106;Lequio Berria;234;191;425
4107;Lequio Tanaro;392;338;730
82045;Lercara Friddi;2858;3184;6042
11016;Lerici;4379;4764;9143
6088;Lerma;381;416;797
3084;Lesa;1065;1138;2203
4108;Lesegno;462;405;867
34019;Lesignano de' Bagni;2624;2518;5142
71027;Lesina;3198;3057;6255
108026;Lesmo;4116;4260;8376
1132;Lessolo;845;903;1748
96085;Lessona;1253;1337;2590
30048;Lestizza;1777;1792;3569
61044;Letino;287;323;610
83038;Letojanni;1433;1546;2979
63039;Lettere;3021;2998;6019
68020;Lettomanoppello;1285;1318;2603
69048;Lettopalena;168;138;306
11017;Levanto;2389;2629;5018
16126;Levate;1878;1862;3740
75037;Leverano;6481;6853;13334
4109;Levice;90;84;174
22104;Levico Terme;4085;4249;8334
1133;Levone;232;244;476
13126;Lezzeno;900;956;1856
61045;Liberi;502;506;1008
83039;Librizzi;744;791;1535
84021;Licata;17056;17147;34203
45009;Licciana Nardi;2336;2370;4706
58051;Licenza;556;432;988
87020;Licodia Eubea;1385;1377;2762
97043;Lierna;1071;1040;2111
2070;Lignana;263;288;551
30049;Lignano Sabbiadoro;3445;3528;6973
7042;Lillianes;194;216;410
25029;Limana;2722;2733;5455
62038;Limatola;2172;2048;4220
102019;Limbadi;1569;1615;3184
108027;Limbiate;17946;17919;35865
28045;Limena;4084;4153;8237
13128;Limido Comasco;1965;1960;3925
83040;Limina;325;378;703
4110;Limone Piemonte;665;664;1329
17089;Limone sul Garda;544;552;1096
70032;Limosano;359;302;661
18081;Linarolo;1388;1409;2797
87021;Linguaglossa;2398;2589;4987
64044;Lioni;2862;3000;5862
83041;Lipari;6542;6252;12794
13129;Lipomo;2855;3014;5869
18082;Lirio;63;59;122
15122;Liscate;2000;1931;3931
69049;Liscia;326;297;623
54025;Lisciano Niccone;302;300;602
4111;Lisio;86;95;181
108028;Lissone;23047;23745;46792
63040;Liveri;723;751;1474
14037;Livigno;3451;3212;6663
25030;Livinallongo del Col di Lana;591;627;1218
13130;Livo;90;68;158
22106;Livo;395;379;774
49009;Livorno;73718;78733;152451
2071;Livorno Ferraris;2048;2200;4248
98030;Livraga;1264;1270;2534
75038;Lizzanello;5965;6064;12029
73011;Lizzano;4625;4819;9444
37033;Lizzano in Belvedere;1132;1163;2295
9034;Loano;5070;5640;10710
5060;Loazzolo;159;137;296
1134;Locana;617;663;1280
15125;Locate di Triulzi;5137;5223;10360
16127;Locatello;422;390;812
13131;Locate Varesino;2158;2145;4303
91039;Loceri;658;687;1345
72025;Locorotondo;6714;7078;13792
80043;Locri;5688;6168;11856
91040;Loculi;257;219;476
91041;Lodè;733;722;1455
98031;Lodi;22326;23317;45643
91104;Lodine;145;147;292
98032;Lodi Vecchio;3811;3906;7717
17090;Lodrino;846;781;1627
17091;Lograto;1939;1906;3845
37034;Loiano;2283;2306;4589
90084;Loiri Porto San Paolo;1991;1938;3929
97044;Lomagna;2559;2559;5118
13133;Lomazzo;4915;5131;10046
1135;Lombardore;877;858;1735
1136;Lombriasco;565;525;1090
18083;Lomello;969;1041;2010
22108;Lona-Lases;452;430;882
12089;Lonate Ceppino;2537;2640;5177
12090;Lonate Pozzolo;5618;5720;11338
17092;Lonato del Garda;8592;8576;17168
48025;Londa;939;909;1848
94024;Longano;311;307;618
24051;Longare;2756;2775;5531
25071;Longarone;2437;2545;4982
17093;Longhena;303;262;565
83042;Longi;604;647;1251
40018;Longiano;3579;3615;7194
78067;Longobardi;1709;1509;3218
78068;Longobucco;1195;1240;2435
13134;Longone al Segrino;960;1024;1984
57034;Longone Sabino;267;243;510
24052;Lonigo;8037;8021;16058
1137;Loranzè;626;578;1204
28046;Loreggia;3931;3794;7725
103038;Loreglia;99;98;197
25032;Lorenzago di Cadore;261;266;527
29030;Loreo;1604;1573;3177
42022;Loreto;6355;6728;13083
68021;Loreto Aprutino;3444;3593;7037
26036;Loria;4752;4469;9221
51020;Loro Ciuffenna;2918;2956;5874
43022;Loro Piceno;1090;1065;2155
10030;Lorsica;187;190;377
17094;Losine;326;321;647
91042;Lotzorai;1020;1102;2122
16128;Lovere;2333;2610;4943
14038;Lovero;309;299;608
17095;Lozio;191;174;365
12091;Lozza;598;613;1211
28047;Lozzo Atestino;1534;1542;3076
25033;Lozzo di Cadore;597;615;1212
2072;Lozzolo;369;384;753
56033;Lubriano;413;428;841
46017;Lucca;42924;45540;88464
84022;Lucca Sicula;842;858;1700
71028;Lucera;14882;15453;30335
51021;Lucignano;1638;1756;3394
8033;Lucinasco;154;140;294
70033;Lucito;310;306;616
66051;Luco dei Marsi;3060;2875;5935
66052;Lucoli;442;405;847
6193;Lu e Cuccaro Monferrato;630;625;1255
33026;Lugagnano Val d'Arda;1982;1945;3927
55016;Lugnano in Teverina;699;691;1390
39012;Lugo;15715;16413;32128
24053;Lugo di Vicenza;1774;1736;3510
12092;Luino;6703;7300;14003
13135;Luisago;1407;1427;2834
91043;Lula;609;589;1198
10031;Lumarzo;718;719;1437
17096;Lumezzane;10943;10799;21742
111038;Lunamatrona;771;811;1582
41022;Lunano;751;661;1412
18084;Lungavilla;1155;1252;2407
78069;Lungro;1023;1023;2046
11020;Luni;4012;4087;8099
64045;Luogosano;556;506;1062
90036;Luogosanto;940;898;1838
70034;Lupara;192;199;391
13136;Lurago d'Erba;2753;2834;5587
13137;Lurago Marinone;1304;1294;2598
16129;Lurano;1457;1436;2893
90037;Luras;1156;1213;2369
13138;Lurate Caccivio;4763;4929;9692
61046;Lusciano;8052;8319;16371
22109;Luserna;130;133;263
1139;Luserna San Giovanni;3480;3638;7118
1140;Lusernetta;259;246;505
30051;Lusevera;303;308;611
29031;Lusia;1597;1599;3196
24127;Lusiana Conco;2319;2248;4567
1141;Lusigliè;260;294;554
21044;Luson/Lüsen;801;778;1579
65064;Lustra;511;494;1005
12093;Luvinate;675;674;1349
16130;Luzzana;463;449;912
35026;Luzzara;4360;4217;8577
78070;Luzzi;4277;4403;8680
12142;Maccagno con Pino e Veddasca;1131;1162;2293
98033;Maccastorna;43;24;67
94025;Macchia d'Isernia;525;495;1020
94026;Macchiagodena;826;829;1655
70035;Macchia Valfortore;222;217;439
1142;Macello;587;593;1180
43023;Macerata;19747;20942;40689
61047;Macerata Campania;4956;5116;10072
41023;Macerata Feltria;888;992;1880
108029;Macherio;3778;3804;7582
17097;Maclodio;737;741;1478
91044;Macomer;4407;4541;8948
4112;Macra;21;21;42
103039;Macugnaga;252;233;485
61048;Maddaloni;17802;18736;36538
14035;Madesimo;269;236;505
19055;Madignano;1397;1367;2764
16131;Madone;2138;2073;4211
103040;Madonna del Sasso;177;170;347
22243;Madruzzo;1522;1484;3006
59013;Maenza;1466;1490;2956
70036;Mafalda;539;535;1074
17098;Magasa;61;43;104
15130;Magenta;12243;12823;25066
3088;Maggiora;777;850;1627
18085;Magherno;893;905;1798
54026;Magione;7197;7465;14662
79068;Magisano;513;529;1042
4113;Magliano Alfieri;1054;1115;2169
4114;Magliano Alpi;1089;1077;2166
66053;Magliano de' Marsi;1671;1729;3400
109010;Magliano di Tenna;718;687;1405
53013;Magliano in Toscana;1577;1672;3249
58052;Magliano Romano;719;660;1379
57035;Magliano Sabina;1726;1731;3457
65065;Magliano Vetere;287;286;573
75039;Maglie;6168;6893;13061
9035;Magliolo;496;496;992
1143;Maglione;201;208;409
20029;Magnacavallo;715;684;1399
15131;Magnago;4761;4786;9547
96030;Magnano;180;159;339
30052;Magnano in Riviera;1117;1115;2232
95083;Magomadas;304;290;594
13139;Magreglio;344;329;673
21045;Magrè sulla strada del vino/Margreid an der Weinstraße;661;651;1312
79069;Maida;2197;2268;4465
78071;Maierà;565;542;1107
102020;Maierato;1052;1100;2152
42023;Maiolati Spontini;2856;3071;5927
99022;Maiolo;400;383;783
65066;Maiori;2562;2649;5211
98034;Mairago;700;675;1375
17099;Mairano;1779;1719;3498
11018;Maissana;309;258;567
30053;Majano;2731;2972;5703
19056;Malagnino;824;879;1703
37035;Malalbergo;4635;4768;9403
30054;Malborghetto Valbruna;466;422;888
23045;Malcesine;1693;1779;3472
22110;Malé;1120;1176;2296
17100;Malegno;961;964;1925
98035;Maleo;1492;1563;3055
103041;Malesco;668;671;1339
87022;Maletto;1708;1814;3522
83043;Malfa;521;482;1003
97045;Malgrate;2028;2118;4146
78072;Malito;336;345;681
9036;Mallare;501;516;1017
21046;Malles Venosta/Mals;2672;2574;5246
12096;Malnate;8142;8508;16650
24055;Malo;7344;7362;14706
17101;Malonno;1476;1521;2997
44027;Maltignano;1069;1104;2173
83044;Malvagna;270;305;575
6090;Malvicino;34;45;79
78073;Malvito;788;779;1567
80044;Mammola;1136;1199;2335
91046;Mamoiada;1159;1190;2349
53014;Manciano;3330;3520;6850
83045;Mandanici;221;247;468
111039;Mandas;988;950;1938
78074;Mandatoriccio;1221;1171;2392
58053;Mandela;474;457;931
97046;Mandello del Lario;4823;5033;9856
3090;Mandello Vitta;109;104;213
73012;Manduria;14388;15140;29528
17102;Manerba del Garda;2730;2685;5415
17103;Manerbio;6773;6857;13630
71029;Manfredonia;26367;26648;53015
4115;Mango;627;606;1233
78075;Mangone;954;941;1895
87057;Maniace;1872;1867;3739
93025;Maniago;5685;5759;11444
64046;Manocalzati;1531;1460;2991
68022;Manoppello;3349;3413;6762
26037;Mansuè;2499;2351;4850
4116;Manta;1904;1966;3870
14039;Mantello;365;382;747
20030;Mantova;24151;26064;50215
30055;Manzano;3073;3202;6275
58054;Manziana;3789;4049;7838
16132;Mapello;3607;3432;7039
1316;Mappano;3613;3667;7280
90038;Mara;251;267;518
92037;Maracalagonis;4018;3867;7885
36019;Maranello;8668;8692;17360
63041;Marano di Napoli;27925;29706;57631
23046;Marano di Valpolicella;1527;1558;3085
58055;Marano Equo;375;382;757
30056;Marano Lagunare;822;855;1677
78076;Marano Marchesato;1603;1726;3329
78077;Marano Principato;1466;1529;2995
36020;Marano sul Panaro;2630;2689;5319
3091;Marano Ticino;789;834;1623
24056;Marano Vicentino;4626;4585;9211
5061;Maranzana;110;94;204
76044;Maratea;2218;2296;4514
15134;Marcallo con Casone;3199;3204;6403
20031;Marcaria;3150;3188;6338
79071;Marcedusa;182;172;354
58056;Marcellina;3604;3556;7160
79072;Marcellinara;1043;1105;2148
57036;Marcetelli;31;22;53
17104;Marcheno;2089;2063;4152
12097;Marchirolo;1759;1812;3571
49010;Marciana;998;1051;2049
49011;Marciana Marina;913;939;1852
61049;Marcianise;18563;19481;38044
51022;Marciano della Chiana;1724;1793;3517
18086;Marcignago;1247;1208;2455
27020;Marcon;8824;8840;17664
21047;Marebbe/Enneberg;1630;1591;3221
4117;Marene;1735;1632;3367
26038;Mareno di Piave;4715;4638;9353
1144;Marentino;639;630;1269
5062;Maretto;198;172;370
4118;Margarita;715;698;1413
110005;Margherita di Savoia;5364;5661;11025
97047;Margno;225;196;421
20032;Mariana Mantovana;385;409;794
13143;Mariano Comense;12668;12863;25531
31010;Mariano del Friuli;727;751;1478
85008;Marianopoli;727;778;1505
63042;Mariglianella;4013;4034;8047
63043;Marigliano;14272;15224;29496
80045;Marina di Gioiosa Ionica;3054;3249;6303
82046;Marineo;2903;3041;5944
58057;Marino;22606;24061;46667
21048;Marlengo/Marling;1489;1421;2910
47007;Marliana;1737;1616;3353
17105;Marmentino;337;311;648
20033;Marmirolo;3790;3863;7653
4119;Marmora;27;29;56
12098;Marnate;4042;4094;8136
17106;Marone;1501;1595;3096
80046;Maropati;628;663;1291
24057;Marostica;7056;7065;14121
48026;Marradi;1423;1385;2808
95025;Marrubiu;2276;2223;4499
4120;Marsaglia;117;105;222
81011;Marsala;39563;39958;79521
54027;Marsciano;8846;9116;17962
76045;Marsico Nuovo;1795;1885;3680
76046;Marsicovetere;2806;2874;5680
56034;Marta;1513;1698;3211
75040;Martano;4028;4369;8397
27021;Martellago;10352;10832;21184
21049;Martello/Martell;457;383;840
30057;Martignacco;3305;3530;6835
19057;Martignana di Po;1021;1003;2024
75041;Martignano;748;777;1525
73013;Martina Franca;22581;24172;46753
16133;Martinengo;5725;5447;11172
4121;Martiniana Po;454;357;811
67047;Martinsicuro;8142;8341;16483
79073;Martirano;395;389;784
79074;Martirano Lombardo;458;465;923
90039;Martis;228;227;455
80047;Martone;240;236;476
98036;Marudo;888;869;1757
73014;Maruggio;2566;2572;5138
37036;Marzabotto;3480;3446;6926
18087;Marzano;949;855;1804
61050;Marzano Appio;988;925;1913
64047;Marzano di Nola;817;839;1656
78078;Marzi;480;459;939
12099;Marzio;166;145;311
111040;Masainas;572;631;1203
15136;Masate;1966;1951;3917
87023;Mascali;7155;7331;14486
87024;Mascalucia;15615;16509;32124
76047;Maschito;705;693;1398
12100;Masciago Primo;134;141;275
26039;Maser;2509;2585;5094
103042;Masera;739;748;1487
26040;Maserada sul Piave;4516;4633;9149
28048;Maserà di Padova;4621;4640;9261
28049;Masi;886;937;1823
6091;Masio;646;630;1276
38012;Masi Torello;1060;1181;2241
13144;Maslianico;1573;1589;3162
10032;Masone;1637;1677;3314
45010;Massa;31937;33610;65547
66054;Massa d'Albe;687;650;1337
63092;Massa di Somma;2405;2528;4933
47008;Massa e Cozzile;3703;4049;7752
109011;Massa Fermana;394;425;819
73015;Massafra;15862;15904;31766
98037;Massalengo;2272;2184;4456
39013;Massa Lombarda;5552;5376;10928
63044;Massa Lubrense;6970;7146;14116
53015;Massa Marittima;3974;4223;8197
54028;Massa Martana;1797;1756;3553
28050;Massanzago;3111;3001;6112
46018;Massarosa;10736;11046;21782
96031;Massazza;322;259;581
1145;Massello;34;22;56
96032;Masserano;943;952;1895
44029;Massignano;837;772;1609
22112;Massimeno;71;63;134
9037;Massimino;51;51;102
3093;Massino Visconti;554;573;1127
103043;Massiola;57;46;103
95026;Masullas;498;481;979
43024;Matelica;4381;4645;9026
77014;Matera;29182;30186;59368
1146;Mathi;1835;1839;3674
75042;Matino;5231;5523;10754
70037;Matrice;509;510;1019
1147;Mattie;346;333;679
71031;Mattinata;2874;2966;5840
81012;Mazara del Vallo;24865;25205;50070
17107;Mazzano;6408;6307;12715
58058;Mazzano Romano;1450;1485;2935
85009;Mazzarino;5058;5509;10567
83046;Mazzarrà Sant'Andrea;716;689;1405
87056;Mazzarrone;2020;1990;4010
1148;Mazzè;2121;2177;4298
22113;Mazzin;297;319;616
14040;Mazzo di Valtellina;496;513;1009
1149;Meana di Susa;415;372;787
91047;Meana Sardo;762;756;1518
108030;Meda;11746;11989;23735
18088;Mede;2958;3144;6102
31011;Medea;480;476;956
34020;Medesano;5367;5395;10762
37037;Medicina;8330;8487;16817
15139;Mediglia;6204;6169;12373
16250;Medolago;1191;1190;2381
20034;Medole;2159;2084;4243
36021;Medolla;3255;3276;6531
26041;Meduna di Livenza;1481;1491;2972
93026;Meduno;746;734;1480
28052;Megliadino San Vitale;913;908;1821
3095;Meina;1095;1245;2340
29032;Melara;844;860;1704
6092;Melazzo;598;638;1236
40019;Meldola;4982;5055;10037
10033;Mele;1271;1240;2511
15140;Melegnano;8748;9421;18169
75043;Melendugno;4986;5107;10093
98038;Meleti;235;221;456
76048;Melfi;8327;8477;16804
80048;Melicuccà;368;412;780
80049;Melicucco;2393;2449;4842
89012;Melilli;6648;6479;13127
101014;Melissa;1626;1671;3297
75044;Melissano;3163;3374;6537
63045;Melito di Napoli;17658;18498;36156
80050;Melito di Porto Salvo;5070;5244;10314
64048;Melito Irpino;896;863;1759
62039;Melizzano;827;809;1636
4122;Melle;163;130;293
14041;Mello;482;468;950
75045;Melpignano;1079;1075;2154
21050;Meltina/Mölten;880;844;1724
15142;Melzo;9027;9513;18540
13145;Menaggio;1456;1490;2946
18089;Menconico;170;156;326
8034;Mendatica;97;64;161
78079;Mendicino;4446;4446;8892
84023;Menfi;5689;6038;11727
58059;Mentana;11118;11497;22615
27022;Meolo;3112;3043;6155
6093;Merana;86;86;172
21051;Merano/Meran;20261;21397;41658
97048;Merate;7218;7813;15031
12101;Mercallo;886;896;1782
41025;Mercatello sul Metauro;653;667;1320
41026;Mercatino Conca;540;538;1078
65067;Mercato San Severino;10399;10910;21309
40020;Mercato Saraceno;3486;3340;6826
1150;Mercenasco;712;643;1355
64049;Mercogliano;5568;5848;11416
30058;Mereto di Tomba;1253;1244;2497
42024;Mergo;479;491;970
103044;Mergozzo;1059;1072;2131
83047;Merì;1187;1207;2394
28053;Merlara;1246;1275;2521
98039;Merlino;844;811;1655
13147;Merone;2004;1999;4003
74010;Mesagne;12387;13351;25738
14043;Mese;926;963;1889
12102;Mesenzana;902;923;1825
15144;Mesero;2072;2062;4134
38014;Mesola;3082;3233;6315
101015;Mesoraca;2793;2908;5701
83048;Messina;104268;112190;216458
28054;Mestrino;5904;6049;11953
63046;Meta;3776;4079;7855
108031;Mezzago;2253;2226;4479
22114;Mezzana;429;454;883
18090;Mezzana Bigli;525;536;1061
96033;Mezzana Mortigliengo;237;238;475
18091;Mezzana Rabattone;225;232;457
23047;Mezzane di Sotto;1232;1270;2502
10034;Mezzanego;803;760;1563
18092;Mezzanino;708;697;1405
22115;Mezzano;803;781;1584
1152;Mezzenile;376;359;735
22116;Mezzocorona;2679;2783;5462
82047;Mezzojuso;1226;1273;2499
16134;Mezzoldo;84;86;170
22117;Mezzolombardo;3882;3917;7799
3097;Mezzomerico;616;604;1220
96034;Miagliano;251;284;535
26042;Miane;1481;1497;2978
3098;Miasino;380;425;805
103045;Miazzina;208;194;402
57037;Micigliano;70;49;119
75046;Miggiano;1505;1717;3222
69050;Miglianico;2285;2335;4620
79077;Miglierina;310;361;671
77015;Miglionico;1236;1100;2336
10035;Mignanego;1759;1783;3542
61051;Mignano Monte Lungo;1469;1505;2974
15146;Milano;663800;699063;1362863
83049;Milazzo;14586;15193;29779
85010;Milena;1270;1329;2599
102021;Mileto;3154;3074;6228
95027;Milis;712;682;1394
87025;Militello in Val di Catania;3293;3312;6605
83050;Militello Rosmarino;578;590;1168
9038;Millesimo;1625;1709;3334
87026;Milo;522;495;1017
17108;Milzano;860;844;1704
87027;Mineo;2116;2229;4345
23048;Minerbe;2335;2309;4644
37038;Minerbio;4422;4537;8959
75047;Minervino di Lecce;1600;1792;3392
110006;Minervino Murge;3843;3968;7811
65068;Minori;1247;1281;2528
59014;Minturno;10118;10282;20400
46019;Minucciano;836;877;1713
9039;Mioglia;245;257;502
27023;Mira;18433;19032;37465
64050;Mirabella Eclano;3255;3291;6546
87028;Mirabella Imbaccari;1952;2180;4132
6094;Mirabello Monferrato;598;606;1204
70038;Mirabello Sannitico;1015;1019;2034
18093;Miradolo Terme;1992;1917;3909
94027;Miranda;447;466;913
36022;Mirandola;12173;12748;24921
27024;Mirano;13239;13875;27114
83051;Mirto;409;443;852
99005;Misano Adriatico;7020;7151;14171
16135;Misano di Gera d'Adda;1501;1557;3058
81025;Misiliscemi;4297;4149;8446
82048;Misilmeri;14466;14731;29197
108032;Misinto;2886;2863;5749
97049;Missaglia;4498;4512;9010
76049;Missanello;225;239;464
87029;Misterbianco;23715;24905;48620
83052;Mistretta;1956;2194;4150
5063;Moasca;280;242;522
10036;Moconesi;1267;1156;2423
36023;Modena;90080;94281;184361
88006;Modica;26139;27483;53622
40022;Modigliana;2149;2152;4301
95084;Modolo;82;88;170
72027;Modugno;17562;18431;35993
22118;Moena;1233;1318;2551
97050;Moggio;247;245;492
30059;Moggio Udinese;789;800;1589
20035;Moglia;2709;2685;5394
43025;Mogliano;2098;2147;4245
26043;Mogliano Veneto;13891;14254;28145
95028;Mogorella;198;190;388
95029;Mogoro;1886;1898;3784
62040;Moiano;1999;1987;3986
30060;Moimacco;786;781;1567
83053;Moio Alcantara;337;342;679
16136;Moio de' Calvi;95;104;199
65069;Moio della Civitella;883;927;1810
4123;Moiola;116;96;212
72028;Mola di Bari;11917;12178;24095
6095;Molare;971;1013;1984
46020;Molazzana;473;480;953
72029;Molfetta;27659;29357;57016
66055;Molina Aterno;165;163;328
62041;Molinara;668;720;1388
37039;Molinella;7841;8069;15910
8035;Molini di Triora;305;278;583
6096;Molino dei Torti;317;250;567
70039;Molise;81;63;144
76050;Moliterno;1661;1826;3487
2078;Mollia;55;45;100
80051;Molochio;1033;1089;2122
97051;Molteno;1785;1743;3528
13152;Moltrasio;698;787;1485
22120;Molveno;525;575;1100
5064;Mombaldone;103;87;190
4124;Mombarcaro;129;134;263
41027;Mombaroccio;1066;1090;2156
5065;Mombaruzzo;471;421;892
4125;Mombasiglio;272;290;562
1153;Mombello di Torino;204;195;399
6097;Mombello Monferrato;431;459;890
5066;Mombercelli;1006;1032;2038
3100;Momo;1169;1236;2405
1154;Mompantero;297;315;612
57038;Mompeo;253;251;504
6098;Momperone;103;97;200
70040;Monacilioni;207;232;439
5067;Monale;486;504;990
80052;Monasterace;1637;1597;3234
5068;Monastero Bormida;386;434;820
1155;Monastero di Lanzo;249;154;403
4126;Monastero di Vasco;619;638;1257
4127;Monasterolo Casotto;43;39;82
16137;Monasterolo del Castello;591;562;1153
4128;Monasterolo di Savigliano;654;658;1312
26044;Monastier di Treviso;2188;2244;4432
111041;Monastir;2655;2229;4884
1156;Moncalieri;26973;28469;55442
5069;Moncalvo;1314;1448;2762
1157;Moncenisio;20;24;44
6099;Moncestino;92;102;194
4129;Monchiero;299;282;581
34022;Monchio delle Corti;453;383;836
2079;Moncrivello;686;674;1360
5070;Moncucco Torinese;441;428;869
99006;Mondaino;687;670;1357
41028;Mondavio;1759;1833;3592
41029;Mondolfo;7186;7220;14406
4130;Mondovì;11126;11245;22371
61052;Mondragone;13925;14404;28329
10037;Moneglia;1217;1273;2490
4131;Monesiglio;269;298;567
31012;Monfalcone;16157;14610;30767
4132;Monforte d'Alba;940;924;1864
83054;Monforte San Giorgio;1169;1221;2390
26045;Monfumo;640;660;1300
5071;Mongardino;412;422;834
37040;Monghidoro;2071;1863;3934
102022;Mongiana;288;285;573
6100;Mongiardino Ligure;80;65;145
83055;Mongiuffi Melia;252;254;506
96035;Mongrando;1729;1826;3555
78080;Mongrassano;715;731;1446
21052;Monguelfo-Tesido/Welsberg-Taisten;1458;1446;2904
13153;Monguzzo;1192;1189;2381
17109;Moniga del Garda;1325;1357;2682
6101;Monleale;285;267;552
17110;Monno;247;268;515
72030;Monopoli;23248;24409;47657
82049;Monreale;19163;19681;38844
32002;Monrupino-Repentabor;439;397;836
109012;Monsampietro Morico;289;293;582
44031;Monsampolo del Tronto;2202;2177;4379
42025;Monsano;1548;1636;3184
28055;Monselice;8332;8710;17042
92109;Monserrato;8850;9774;18624
47009;Monsummano Terme;10131;10732;20863
4133;Montà;2248;2401;4649
5072;Montabone;162;139;301
6102;Montacuto;118;109;227
5073;Montafia;474;458;932
70041;Montagano;476;475;951
14044;Montagna in Valtellina;1394;1551;2945
28056;Montagnana;4492;4701;9193
83056;Montagnareale;667;675;1342
21053;Montagna sulla strada del vino/Montan an der Weinstraße;886;880;1766
64051;Montaguto;160;173;333
48027;Montaione;1688;1745;3433
83057;Montalbano Elicona;1045;1027;2072
77016;Montalbano Jonico;3151;3310;6461
52037;Montalcino;2713;2817;5530
6103;Montaldeo;97;109;206
6104;Montaldo Bormida;283;293;576
4134;Montaldo di Mondovì;279;271;550
4135;Montaldo Roero;443;451;894
5074;Montaldo Scarampi;360;348;708
1158;Montaldo Torinese;355;354;709
47010;Montale;5146;5317;10463
1159;Montalenghe;481;485;966
84024;Montallegro;1155;1187;2342
8068;Montalto Carpasio;251;227;478
44032;Montalto delle Marche;857;957;1814
56035;Montalto di Castro;4327;4352;8679
1160;Montalto Dora;1654;1653;3307
18094;Montalto Pavese;419;385;804
78081;Montalto Uffugo;9708;10201;19909
1161;Montanaro;2433;2541;4974
98040;Montanaso Lombardo;1114;1142;2256
4136;Montanera;355;327;682
65070;Montano Antilia;796;848;1644
13154;Montano Lucino;2712;2767;5479
109013;Montappone;761;776;1537
94028;Montaquila;1127;1091;2218
57039;Montasola;205;193;398
79080;Montauro;932;998;1930
69051;Montazzoli;395;395;790
53016;Monte Argentario;5645;5960;11605
18095;Montebello della Battaglia;733;704;1437
68023;Montebello di Bertona;404;399;803
80053;Montebello Jonico;2668;2783;5451
69009;Montebello sul Sangro;38;42;80
24060;Montebello Vicentino;3209;3108;6317
26046;Montebelluna;15232;15912;31144
10038;Montebruno;99;100;199
57040;Montebuono;417;427;844
41030;Montecalvo in Foglia;1379;1400;2779
64052;Montecalvo Irpino;1572;1654;3226
18096;Montecalvo Versiggia;241;237;478
46021;Montecarlo;2109;2234;4343
42026;Montecarotto;920;929;1849
43026;Montecassiano;3316;3378;6694
6105;Montecastello;134;138;272
54029;Monte Castello di Vibio;698;680;1378
55017;Montecastrilli;2344;2443;4787
47011;Montecatini-Terme;10500;11305;21805
50019;Montecatini Val di Cecina;833;856;1689
43027;Monte Cavallo;51;49;100
23049;Montecchia di Crosara;2248;2075;4323
55018;Montecchio;721;706;1427
35027;Montecchio Emilia;5066;5375;10441
24061;Montecchio Maggiore;12409;11654;24063
24062;Montecchio Precalcino;2447;2422;4869
41031;Monte Cerignone;265;303;568
6106;Montechiaro d'Acqui;277;232;509
5075;Montechiaro d'Asti;613;608;1221
34023;Montechiarugolo;5714;5730;11444
70042;Montecilfone;619;601;1220
58060;Monte Compatri;5723;5910;11633
99030;Montecopiolo;517;512;1029
65071;Montecorice;1310;1282;2592
65072;Montecorvino Pugliano;5614;5598;11212
65073;Montecorvino Rovella;6172;6136;12308
43028;Montecosaro;3660;3710;7370
19058;Monte Cremasco;1110;1107;2217
103046;Montecrestese;603;646;1249
36024;Montecreto;509;442;951
24063;Monte di Malo;1450;1386;2836
44034;Montedinove;244;199;443
63047;Monte di Procida;5683;6052;11735
85011;Montedoro;641;679;1320
64053;Montefalcione;1497;1545;3042
54030;Montefalco;2605;2661;5266
109014;Montefalcone Appennino;180;183;363
62042;Montefalcone di Val Fortore;587;673;1260
70043;Montefalcone nel Sannio;670;643;1313
43029;Montefano;1626;1678;3304
41034;Montefelcino;1220;1207;2427
69052;Monteferrante;54;46;100
56036;Montefiascone;6388;6591;12979
67027;Montefino;458;438;896
99008;Montefiore Conca;1158;1154;2312
44036;Montefiore dell'Aso;943;1003;1946
36025;Montefiorino;1077;1042;2119
58061;Monteflavio;547;603;1150
65074;Monteforte Cilento;268;263;531
23050;Monteforte d'Alpone;4564;4389;8953
64054;Monteforte Irpino;5776;5576;11352
109015;Montefortino;506;508;1014
55019;Montefranco;620;623;1243
64055;Montefredane;1073;1080;2153
64056;Montefusco;584;599;1183
55020;Montegabbione;552;543;1095
24064;Montegalda;1650;1674;3324
24065;Montegaldella;871;894;1765
44038;Montegallo;205;159;364
109016;Monte Giberto;368;369;737
6107;Montegioco;144;127;271
78082;Montegiordano;718;780;1498
109017;Montegiorgio;3085;3151;6236
109018;Montegranaro;6265;6217;12482
99009;Montegridolfo;511;514;1025
41035;Monte Grimano Terme;571;566;1137
12103;Montegrino Valtravaglia;744;778;1522
5076;Montegrosso d'Asti;1194;1126;2320
8037;Montegrosso Pian Latte;50;59;109
28057;Montegrotto Terme;5586;6042;11628
73016;Monteiasi;2498;2692;5190
17111;Monte Isola;793;783;1576
41036;Montelabbate;3600;3466;7066
58062;Montelanico;996;1007;2003
69053;Montelapiano;32;36;68
109019;Monteleone di Fermo;182;169;351
71032;Monteleone di Puglia;482;432;914
54031;Monteleone di Spoleto;272;263;535
55021;Monteleone d'Orvieto;635;722;1357
90040;Monteleone Rocca Doria;53;52;105
57041;Monteleone Sabino;561;567;1128
82050;Montelepre;2729;2924;5653
58063;Montelibretti;2463;2635;5098
64057;Montella;3479;3658;7137
16139;Montello;1645;1622;3267
70044;Montelongo;146;130;276
109020;Montelparo;355;329;684
4137;Montelupo Albese;239;241;480
48028;Montelupo Fiorentino;6925;7347;14272
43030;Montelupone;1696;1684;3380
82051;Montemaggiore Belsito;1296;1449;2745
5077;Montemagno Monferrato;502;528;1030
4138;Montemale di Cuneo;125;119;244
64058;Montemarano;1269;1251;2520
42027;Montemarciano;4890;4937;9827
97052;Monte Marenzo;883;892;1775
6108;Montemarzino;160;152;312
73017;Montemesola;1681;1786;3467
13155;Montemezzo;106;97;203
51023;Montemignaio;263;232;495
64059;Montemiletto;2520;2493;5013
76051;Montemilone;701;670;1371
70045;Montemitro;136;146;282
44044;Montemonaco;258;260;518
100003;Montemurlo;9507;9662;19169
76052;Montemurro;506;515;1021
30061;Montenars;254;240;494
70046;Montenero di Bisaccia;3093;3093;6186
69054;Montenerodomo;295;267;562
57042;Montenero Sabino;134;134;268
94029;Montenero Val Cocchiara;241;223;464
69055;Monteodorisio;1156;1158;2314
79081;Montepaone;2927;2963;5890
73018;Monteparano;1083;1156;2239
41038;Monte Porzio;1444;1408;2852
58064;Monte Porzio Catone;4166;4431;8597
44045;Monteprandone;6549;6562;13111
52015;Montepulciano;6286;6731;13017
51024;Monterchi;869;850;1719
66056;Montereale;1150;1033;2183
93027;Montereale Valcellina;2042;2145;4187
37041;Monterenzio;3116;3053;6169
52016;Monteriggioni;4962;5101;10063
109021;Monte Rinaldo;155;147;302
42029;Monte Roberto;1488;1504;2992
94030;Monteroduni;1122;999;2121
56037;Monte Romano;915;932;1847
52017;Monteroni d'Arbia;4431;4588;9019
75048;Monteroni di Lecce;6402;6745;13147
56038;Monterosi;2387;2402;4789
11019;Monterosso al Mare;598;691;1289
88007;Monterosso Almo;1323;1382;2705
102023;Monterosso Calabro;696;744;1440
4139;Monterosso Grana;312;236;548
58065;Monterotondo;19995;21190;41185
53027;Monterotondo Marittimo;668;606;1274
109022;Monterubbiano;989;975;1964
59015;Monte San Biagio;3097;2931;6028
65075;Monte San Giacomo;669;685;1354
60044;Monte San Giovanni Campano;5874;5920;11794
57043;Monte San Giovanni in Sabina;349;315;664
43031;Monte San Giusto;3689;3722;7411
43032;Monte San Martino;342;326;668
75049;Montesano Salentino;1257;1333;2590
65076;Montesano sulla Marcellana;3141;3140;6281
109023;Monte San Pietrangeli;1047;1100;2147
37042;Monte San Pietro;5311;5534;10845
51025;Monte San Savino;4222;4366;8588
54032;Monte Santa Maria Tiberina;524;521;1045
71033;Monte Sant'Angelo;5353;5538;10891
42030;Monte San Vito;3282;3398;6680
62043;Montesarchio;6497;6472;12969
77017;Montescaglioso;4579;4618;9197
18097;Montescano;209;230;439
103047;Montescheno;175;181;356
50020;Montescudaio;1097;1095;2192
99029;Montescudo-Monte Colombo;3534;3470;7004
36026;Montese;1707;1667;3374
18098;Montesegale;121;118;239
68024;Montesilvano;25836;27721;53557
48030;Montespertoli;6512;6685;13197
1162;Monteu da Po;431;393;824
109024;Monte Urano;3867;3910;7777
4140;Monteu Roero;804;778;1582
84025;Montevago;1301;1378;2679
51026;Montevarchi;11909;12135;24044
97053;Montevecchia;1356;1324;2680
64060;Monteverde;328;332;660
50021;Monteverdi Marittimo;373;396;769
24066;Monteviale;1404;1382;2786
109025;Monte Vidon Combatte;189;205;394
109026;Monte Vidon Corrado;340;326;666
4141;Montezemolo;117;112;229
90041;Monti;1199;1207;2406
40028;Montiano;838;857;1695
17112;Monticelli Brusati;2298;2258;4556
33027;Monticelli d'Ongina;2622;2601;5223
18099;Monticelli Pavese;327;335;662
97054;Monticello Brianza;2060;2124;4184
24067;Monticello Conte Otto;4496;4598;9094
4142;Monticello d'Alba;1156;1177;2333
17113;Montichiari;13459;13047;26506
52018;Monticiano;880;756;1636
53017;Montieri;605;584;1189
5121;Montiglio Monferrato;746;751;1497
45011;Montignoso;4884;5166;10050
17114;Montirone;2609;2552;5161
7043;Montjovet;893;869;1762
19059;Montodine;1197;1197;2394
10039;Montoggio;1034;986;2020
54033;Montone;755;779;1534
57044;Montopoli di Sabina;2059;2050;4109
50022;Montopoli in Val d'Arno;5578;5683;11261
13157;Montorfano;1195;1299;2494
67028;Montorio al Vomano;3663;3681;7344
70047;Montorio nei Frentani;168;174;342
58066;Montorio Romano;963;945;1908
64121;Montoro;9734;9779;19513
24068;Montorso Vicentino;1538;1463;3001
109027;Montottone;413;477;890
95085;Montresta;218;216;434
18100;Montù Beccaria;818;824;1642
12104;Monvalle;942;947;1889
108033;Monza;59781;63891;123672
20036;Monzambano;2380;2425;4805
37044;Monzuno;3280;3153;6433
78083;Morano Calabro;1831;1917;3748
6109;Morano sul Po;618;652;1270
5122;Moransengo-Tonengo;206;214;420
31013;Moraro;344;378;722
12105;Morazzone;2151;2169;4320
14045;Morbegno;6044;6377;12421
6110;Morbello;213;175;388
75050;Morciano di Leuca;1419;1611;3030
99011;Morciano di Romagna;3547;3735;7282
62044;Morcone;2159;2263;4422
37045;Mordano;2320;2268;4588
16140;Morengo;1239;1247;2486
90042;Mores;831;832;1663
109028;Moresco;247;263;510
4143;Moretta;2020;2021;4041
33028;Morfasso;444;405;849
26047;Morgano;2264;2249;4513
7044;Morgex;1004;1062;2066
95030;Morgongiori;302;295;597
22123;Mori;5172;5156;10328
26048;Moriago della Battaglia;1445;1412;2857
58067;Moricone;1196;1177;2373
65077;Morigerati;278;299;577
15150;Morimondo;505;500;1005
66057;Morino;645;635;1280
1163;Moriondo Torinese;416;407;823
58068;Morlupo;4135;4418;8553
78084;Mormanno;1218;1257;2475
12106;Mornago;2404;2443;4847
6111;Mornese;330;336;666
16141;Mornico al Serio;1531;1521;3052
18101;Mornico Losana;303;302;605
60045;Morolo;1566;1548;3114
4144;Morozzo;1035;997;2032
64063;Morra De Sanctis;516;567;1083
42031;Morro d'Alba;891;909;1800
67029;Morro d'Oro;1755;1775;3530
70048;Morrone del Sannio;255;250;505
57045;Morro Reatino;179;155;334
43033;Morrovalle;4901;4872;9773
93028;Morsano al Tagliamento;1413;1341;2754
6112;Morsasco;281;312;593
18102;Mortara;7841;8093;15934
30062;Mortegliano;2334;2505;4839
97055;Morterone;18;12;30
30063;Moruzzo;1181;1211;2392
19060;Moscazzano;358;339;697
64064;Moschiano;751;784;1535
67030;Mosciano Sant'Angelo;4719;4487;9206
68025;Moscufo;1655;1511;3166
21054;Moso in Passiria/Moos in Passeier;1082;947;2029
31014;Mossa;740;772;1512
19061;Motta Baluffi;401;368;769
83058;Motta Camastra;383;379;762
83059;Motta d'Affermo;318;328;646
2082;Motta de' Conti;351;351;702
26049;Motta di Livenza;5180;5342;10522
78085;Mottafollone;504;509;1013
96037;Mottalciata;642;630;1272
71034;Motta Montecorvino;280;303;583
80054;Motta San Giovanni;2643;2734;5377
79083;Motta Santa Lucia;418;400;818
87030;Motta Sant'Anastasia;5968;6171;12139
15151;Motta Visconti;4088;4165;8253
20037;Motteggiana;1263;1145;2408
73019;Mottola;7345;7758;15103
69056;Mozzagrogna;1170;1252;2422
16142;Mozzanica;2211;2223;4434
13159;Mozzate;4291;4393;8684
23051;Mozzecane;4234;3966;8200
16143;Mozzo;3560;3673;7233
43034;Muccia;384;402;786
32003;Muggia;6122;6505;12627
108034;Muggiò;11511;12074;23585
64065;Mugnano del Cardinale;2619;2496;5115
63048;Mugnano di Napoli;17219;18287;35506
98041;Mulazzano;2929;2900;5829
45012;Mulazzo;1140;1129;2269
17115;Mura;383;382;765
111042;Muravera;2424;2549;4973
4145;Murazzano;419;422;841
4146;Murello;475;461;936
9040;Murialdo;368;347;715
6113;Murisengo Monferrato;613;597;1210
52019;Murlo;1307;1168;2475
75051;Muro Leccese;2211;2363;4574
76053;Muro Lucano;2461;2367;4828
90043;Muros;408;414;822
17116;Muscoline;1394;1336;2730
111043;Musei;771;741;1512
27025;Musile di Piave;5719;5688;11407
13160;Musso;479;456;935
24070;Mussolente;3827;3708;7535
85012;Mussomeli;4709;5033;9742
30064;Muzzana del Turgnano;1147;1173;2320
96038;Muzzano;256;295;551
22124;Nago-Torbole;1372;1360;2732
21055;Nalles/Nals;1054;1057;2111
24071;Nanto;1553;1499;3052
63049;Napoli;436314;468736;905050
95031;Narbolia;812;808;1620
111044;Narcao;1510;1457;2967
75052;Nardò;14714;16070;30784
102024;Nardodipace;497;521;1018
55022;Narni;8535;9091;17626
84026;Naro;3313;3420;6733
4147;Narzole;1779;1749;3528
9041;Nasino;77;68;145
83060;Naso;1633;1711;3344
21056;Naturno/Naturns;3057;3044;6101
17117;Nave;5238;5389;10627
66058;Navelli;302;281;583
21057;Naz-Sciaves/Natz-Schabs;1767;1755;3522
58069;Nazzano;649;649;1298
10040;Ne;1106;1020;2126
3103;Nebbiuno;917;942;1859
23052;Negrar di Valpolicella;8086;8292;16378
10041;Neirone;473;417;890
4148;Neive;1565;1627;3192
16144;Nembro;5608;5676;11284
58070;Nemi;915;939;1854
76054;Nemoli;661;706;1367
95032;Neoneli;288;301;589
56039;Nepi;4734;4816;9550
67031;Nereto;2679;2786;5465
58071;Nerola;968;993;1961
26050;Nervesa della Battaglia;3293;3302;6595
15154;Nerviano;8376;8695;17071
57046;Nespolo;123;84;207
13161;Nesso;540;534;1074
96039;Netro;452;443;895
58072;Nettuno;23804;24307;48111
75053;Neviano;2302;2453;4755
34024;Neviano degli Arduini;1776;1689;3465
4149;Neviglie;184;166;350
17118;Niardo;955;994;1949
3104;Nibbiola;417;416;833
97056;Nibionno;1797;1791;3588
1164;Nichelino;22047;23633;45680
87031;Nicolosi;3841;3879;7720
18103;Nicorvo;143;145;288
86012;Nicosia;6027;6355;12382
102025;Nicotera;3629;3450;7079
4150;Niella Belbo;158;154;312
4151;Niella Tanaro;499;440;939
30065;Nimis;1309;1319;2628
85013;Niscemi;12118;12417;24535
86013;Nissoria;1403;1378;2781
83061;Nizza di Sicilia;1729;1759;3488
5080;Nizza Monferrato;4965;5203;10168
27026;Noale;7896;8329;16225
1165;Noasca;52;45;97
78086;Nocara;144;140;284
68026;Nocciano;858;826;1684
65078;Nocera Inferiore;21081;22210;43291
65079;Nocera Superiore;11444;11952;23396
79087;Nocera Terinese;2436;2337;4773
54034;Nocera Umbra;2741;2733;5474
34025;Noceto;6572;6795;13367
72031;Noci;8792;9303;18095
75054;Nociglia;980;1113;2093
76055;Noepoli;341;376;717
23053;Nogara;4252;4236;8488
22127;Nogaredo;1068;1036;2104
23054;Nogarole Rocca;2068;1820;3888
24072;Nogarole Vicentino;638;625;1263
72032;Noicattaro;12785;12981;25766
63050;Nola;16629;17435;34064
1166;Nole;3264;3396;6660
9042;Noli;1152;1221;2373
1167;Nomaglio;140;135;275
22128;Nomi;665;695;1360
36027;Nonantola;8095;8091;16186
1168;None;3765;3876;7641
103048;Nonio;398;422;820
91050;Noragugume;128;141;269
95033;Norbello;607;518;1125
54035;Norcia;2217;2182;4399
59016;Norma;1816;1907;3723
15155;Nosate;310;328;638
67032;Notaresco;3180;3171;6351
89013;Noto;12496;12160;24656
99023;Novafeltria;3516;3515;7031
22129;Novaledo;563;588;1151
1169;Novalesa;271;254;525
21058;Nova Levante/Welschnofen;1108;1002;2110
108035;Nova Milanese;11291;11777;23068
21059;Nova Ponente/Deutschnofen;2122;2026;4148
3106;Novara;50565;52673;103238
83062;Novara di Sicilia;511;534;1045
77018;Nova Siri;3467;3381;6848
14046;Novate Mezzola;942;981;1923
15157;Novate Milanese;9846;10569;20415
24073;Nove;2425;2429;4854
13163;Novedrate;1453;1418;2871
22253;Novella;1829;1752;3581
35028;Novellara;6652;6754;13406
4152;Novello;457;464;921
27027;Noventa di Piave;3483;3532;7015
28058;Noventa Padovana;5548;5720;11268
24074;Noventa Vicentina;4677;4609;9286
36028;Novi di Modena;5252;5161;10413
15158;Noviglio;2288;2246;4534
6114;Novi Ligure;13311;14116;27427
65080;Novi Velia;1175;1153;2328
75055;Novoli;3601;3825;7426
4153;Nucetto;198;189;387
90044;Nughedu San Nicolò;364;346;710
95034;Nughedu Santa Vittoria;205;217;422
90045;Nule;645;614;1259
90046;Nulvi;1292;1280;2572
42032;Numana;1887;1850;3737
91051;Nuoro;15684;17034;32718
95035;Nurachi;821;839;1660
111045;Nuragus;393;402;795
111046;Nurallao;557;532;1089
111047;Nuraminis;1165;1172;2337
95036;Nureci;142;140;282
111048;Nurri;993;995;1988
7045;Nus;1453;1463;2916
64066;Nusco;1860;1923;3783
17119;Nuvolento;1955;2007;3962
17120;Nuvolera;2368;2409;4777
111049;Nuxis;673;709;1382
96040;Occhieppo Inferiore;1816;1977;3793
96041;Occhieppo Superiore;1214;1317;2531
29033;Occhiobello;5853;6169;12022
6115;Occimiano;577;618;1195
66059;Ocre;564;531;1095
6116;Odalengo Grande;205;192;397
6117;Odalengo Piccolo;109;98;207
26051;Oderzo;10074;10274;20348
17121;Odolo;981;967;1948
66060;Ofena;260;202;462
42033;Offagna;1068;1049;2117
19062;Offanengo;2973;2972;5945
44054;Offida;2232;2337;4569
17122;Offlaga;2128;2039;4167
103049;Oggebbio;386;408;794
12107;Oggiona con Santo Stefano;2186;2179;4365
97057;Oggiono;4582;4636;9218
1170;Oglianico;693;726;1419
65081;Ogliastro Cilento;1184;1123;2307
90047;Olbia;30530;31209;61739
2088;Olcenengo;378;396;774
2089;Oldenico;121;115;236
3108;Oleggio;7043;7227;14270
3109;Oleggio Castello;1124;1101;2225
18104;Olevano di Lomellina;360;363;723
58073;Olevano Romano;3152;3140;6292
65082;Olevano sul Tusciano;3268;3303;6571
13165;Olgiate Comasco;6038;6146;12184
97058;Olgiate Molgora;3228;3186;6414
12108;Olgiate Olona;6327;6626;12953
97059;Olginate;3470;3455;6925
91055;Oliena;3166;3239;6405
79088;Olivadi;236;245;481
18105;Oliva Gessi;82;81;163
83063;Oliveri;1095;1131;2226
65083;Oliveto Citra;1758;1843;3601
97060;Oliveto Lario;595;553;1148
77019;Oliveto Lucano;161;167;328
8038;Olivetta San Michele;97;93;190
6118;Olivola;51;54;105
95037;Ollastra;536;531;1067
91056;Ollolai;563;566;1129
7046;Ollomont;86;83;169
90048;Olmedo;2113;2127;4240
19063;Olmeneta;444;490;934
16145;Olmo al Brembo;232;221;453
5081;Olmo Gentile;35;32;67
16146;Oltre il Colle;477;443;920
16147;Oltressenda Alta;73;62;135
13169;Oltrona di San Mamette;1152;1204;2356
91057;Olzai;383;369;752
17123;Ome;1534;1569;3103
103050;Omegna;6865;7317;14182
65084;Omignano;827;809;1636
91058;Onanì;164;173;337
56040;Onano;421;444;865
4154;Oncino;45;37;82
16148;Oneta;287;296;583
91059;Onifai;341;387;728
91060;Oniferi;417;406;823
16149;Onore;475;502;977
17124;Ono San Pietro;479;494;973
9043;Onzo;101;108;209
15159;Opera;6927;7536;14463
66061;Opi;197;176;373
23055;Oppeano;5269;5114;10383
76056;Oppido Lucano;1727;1741;3468
80055;Oppido Mamertina;2287;2387;4674
21060;Ora/Auer;1930;2002;3932
91061;Orani;1280;1296;2576
70049;Oratino;871;807;1678
1171;Orbassano;10970;11809;22779
53018;Orbetello;6642;7275;13917
50023;Orciano Pisano;295;340;635
9044;Orco Feglino;460;441;901
71063;Ordona;1707;1659;3366
10042;Orero;255;249;504
24075;Orgiano;1467;1509;2976
91062;Orgosolo;1891;1912;3803
74011;Oria;6924;7440;14364
66062;Oricola;636;638;1274
12109;Origgio;4043;4025;8068
12110;Orino;437;411;848
16150;Orio al Serio;808;780;1588
1172;Orio Canavese;366;364;730
98042;Orio Litta;1042;1034;2076
78087;Oriolo;825;937;1762
56041;Oriolo Romano;1812;1861;3673
95038;Oristano;14157;15731;29888
4155;Ormea;752;694;1446
26052;Ormelle;2241;2239;4480
108036;Ornago;2700;2787;5487
103051;Ornavasso;1664;1637;3301
16151;Ornica;69;57;126
91063;Orosei;3450;3388;6838
91064;Orotelli;909;915;1824
65085;Orria;441;446;887
111050;Orroli;969;940;1909
26053;Orsago;1818;1902;3720
6119;Orsara Bormida;192;185;377
71035;Orsara di Puglia;1248;1221;2469
13170;Orsenigo;1317;1321;2638
69057;Orsogna;1739;1856;3595
78088;Orsomarso;537;519;1056
111051;Ortacesus;445;414;859
61053;Orta di Atella;13598;13856;27454
71036;Orta Nova;8250;8326;16576
3112;Orta San Giulio;548;538;1086
56042;Orte;4682;4561;9243
75056;Ortelle;1054;1140;2194
109029;Ortezzano;366;364;730
51027;Ortignano Raggiolo;435;399;834
21061;Ortisei/St. Ulrich;2337;2373;4710
69058;Ortona;10727;11194;21921
66063;Ortona dei Marsi;175;191;366
9045;Ortovero;827;862;1689
66064;Ortucchio;876;860;1736
91066;Ortueri;488;473;961
91067;Orune;1011;1011;2022
55023;Orvieto;9120;9932;19052
57047;Orvinio;199;180;379
17125;Orzinuovi;6274;6222;12496
17126;Orzivecchi;1286;1231;2517
1173;Osasco;577;584;1161
1174;Osasio;466;430;896
90049;Oschiri;1461;1424;2885
91068;Osidda;103;106;209
9046;Osiglia;201;200;401
90050;Osilo;1340;1392;2732
42034;Osimo;17166;17614;34780
91069;Osini;360;321;681
16152;Osio Sopra;2619;2576;5195
16153;Osio Sotto;6490;6402;12892
97061;Osnago;2337;2494;4831
30066;Osoppo;1410;1393;2803
8039;Ospedaletti;1548;1656;3204
22130;Ospedaletto;407;385;792
64067;Ospedaletto d'Alpinolo;973;990;1963
28059;Ospedaletto Euganeo;2771;2807;5578
98043;Ospedaletto Lodigiano;1066;942;2008
25035;Ospitale di Cadore;135;124;259
17127;Ospitaletto;7623;7346;14969
98044;Ossago Lodigiano;721;701;1422
22131;Ossana;403;423;826
90051;Ossi;2642;2702;5344
17128;Ossimo;731;708;1439
15164;Ossona;2248;2192;4440
4156;Ostana;42;36;78
38017;Ostellato;2792;2817;5609
19064;Ostiano;1450;1375;2825
20038;Ostiglia;3474;3375;6849
42035;Ostra;3053;3163;6216
42036;Ostra Vetere;1534;1508;3042
74012;Ostuni;14376;15427;29803
75057;Otranto;2681;2906;5587
55024;Otricoli;841;876;1717
91070;Ottana;1073;1074;2147
65086;Ottati;279;285;564
63051;Ottaviano;11694;11670;23364
6120;Ottiglio;273;259;532
18106;Ottobiano;532;551;1083
33030;Ottone;229;161;390
1175;Oulx;1693;1602;3295
6121;Ovada;5296;5645;10941
30067;Ovaro;857;829;1686
6122;Oviglio;622;602;1224
66065;Ovindoli;585;569;1154
91071;Ovodda;720;709;1429
7047;Oyace;105;102;207
1176;Ozegna;576;588;1164
90052;Ozieri;4777;4782;9559
37046;Ozzano dell'Emilia;7156;7260;14416
6123;Ozzano Monferrato;670;652;1322
15165;Ozzero;663;686;1349
111052;Pabillonis;1227;1177;2404
81013;Paceco;5144;5400;10544
83064;Pace del Mela;2907;3031;5938
66066;Pacentro;539;518;1057
89014;Pachino;11521;10834;22355
54036;Paciano;453;470;923
17129;Padenghe sul Garda;2359;2553;4912
6124;Paderna;102;104;206
97062;Paderno d'Adda;1919;1972;3891
15166;Paderno Dugnano;23464;24474;47938
17130;Paderno Franciacorta;1843;1824;3667
19065;Paderno Ponchielli;666;626;1292
28060;Padova;100717;107485;208202
90053;Padria;293;281;574
90090;Padru;1074;1056;2130
65087;Padula;2331;2444;4775
62045;Paduli;1741;1783;3524
4157;Paesana;1342;1321;2663
26055;Paese;10988;11196;22184
65088;Pagani;17086;18031;35117
57048;Paganico Sabino;86;69;155
16154;Pagazzano;1159;1079;2238
83065;Pagliara;531;569;1100
69059;Paglieta;2034;2066;4100
30068;Pagnacco;2488;2592;5080
4158;Pagno;284;285;569
97063;Pagnona;159;150;309
64068;Pago del Vallo di Lauro;822;862;1684
62046;Pago Veiano;1086;1081;2167
17131;Paisco Loveno;86;78;164
17132;Paitone;1164;1084;2248
16155;Paladina;1960;1986;3946
36029;Palagano;993;1041;2034
73020;Palagianello;3623;3806;7429
73021;Palagiano;7966;7746;15712
87032;Palagonia;7576;7793;15369
50024;Palaia;2172;2390;4562
34026;Palanzano;529;470;999
70050;Palata;717;738;1455
90054;Palau;2057;2001;4058
16156;Palazzago;2331;2266;4597
82052;Palazzo Adriano;837;857;1694
1177;Palazzo Canavese;408;426;834
89015;Palazzolo Acreide;3859;4053;7912
30069;Palazzolo dello Stella;1422;1471;2893
17133;Palazzolo sull'Oglio;10445;10158;20603
2090;Palazzolo Vercellese;543;545;1088
19066;Palazzo Pignano;1912;1881;3793
76057;Palazzo San Gervasio;2160;2089;4249
48031;Palazzuolo sul Senio;579;516;1095
69060;Palena;606;590;1196
79089;Palermiti;513;523;1036
82053;Palermo;299720;326553;626273
58074;Palestrina;10859;11251;22110
18107;Palestro;942;953;1895
60046;Paliano;3922;3930;7852
80056;Palizzi;899;927;1826
101016;Pallagorio;434;448;882
103052;Pallanzeno;529;535;1064
9047;Pallare;426;441;867
63052;Palma Campania;8440;7814;16254
84027;Palma di Montechiaro;10231;11071;21302
30070;Palmanova;2552;2730;5282
75058;Palmariggi;657;689;1346
95039;Palmas Arborea;736;758;1494
80057;Palmi;8693;9290;17983
44056;Palmiano;66;84;150
69061;Palmoli;451;400;851
72033;Palo del Colle;9974;10279;20253
58075;Palombara Sabina;6558;6599;13157
69062;Palombaro;456;465;921
65089;Palomonte;1904;1868;3772
16157;Palosco;2874;2856;5730
23056;Palù;603;593;1196
22133;Palù del Fersina;85;88;173
78089;Paludi;479;457;936
30071;Paluzza;942;950;1892
4159;Pamparato;149;114;263
1178;Pancalieri;950;995;1945
18108;Pancarana;165;166;331
22134;Panchià;403;416;819
19067;Pandino;4457;4531;8988
78090;Panettieri;149;155;304
54037;Panicale;2585;2732;5317
62047;Pannarano;1029;933;1962
71037;Panni;318;355;673
81014;Pantelleria;3611;3539;7150
15167;Pantigliate;2862;3024;5886
78091;Paola;7306;7784;15090
62048;Paolisi;989;951;1940
78092;Papasidero;292;280;572
29034;Papozze;690;718;1408
15168;Parabiago;13993;14405;28398
75059;Parabita;4137;4549;8686
17134;Paratico;2525;2498;5023
21062;Parcines/Partschins;1947;2026;3973
1179;Parella;181;213;394
78093;Parenti;965;960;1925
61054;Parete;6621;6650;13271
6125;Pareto;268;241;509
102026;Parghelia;620;651;1271
97064;Parlasco;72;63;135
34027;Parma;97267;102183;199450
6126;Parodi Ligure;309;284;593
4160;Paroldo;90;92;182
64069;Parolise;298;314;612
18109;Parona;939;919;1858
55025;Parrano;245;247;492
16158;Parre;1323;1327;2650
81015;Partanna;4817;5018;9835
82054;Partinico;15369;15560;30929
3114;Paruzzaro;1027;1094;2121
16159;Parzanica;177;156;333
30072;Pasian di Prato;4504;4787;9291
93029;Pasiano di Pordenone;3969;3921;7890
17135;Paspardo;301;275;576
5082;Passerano Marmorito;253;193;446
54038;Passignano sul Trasimeno;2750;2936;5686
17136;Passirano;3367;3475;6842
60047;Pastena;621;627;1248
61055;Pastorano;1451;1401;2852
23057;Pastrengo;1551;1538;3089
6127;Pasturana;603;660;1263
97065;Pasturo;1008;951;1959
76100;Paterno;1439;1512;2951
87033;Paternò;21725;22777;44502
78094;Paterno Calabro;672;647;1319
64070;Paternopoli;1041;1027;2068
60048;Patrica;1556;1493;3049
90055;Pattada;1408;1355;2763
83066;Patti;6064;6657;12721
75060;Patù;811;833;1644
95040;Pau;133;138;271
30073;Paularo;1149;1129;2278
111053;Pauli Arbarei;269;255;524
95041;Paulilatino;1038;1000;2038
15169;Paullo;5519;5617;11136
62049;Paupisi;690;691;1381
1180;Pavarolo;581;584;1165
18110;Pavia;34577;37234;71811
30074;Pavia di Udine;2700;2766;5466
1181;Pavone Canavese;1766;1862;3628
17137;Pavone del Mella;1352;1365;2717
36030;Pavullo nel Frignano;9184;9221;18405
80058;Pazzano;252;245;497
50025;Peccioli;2253;2382;4635
6128;Pecetto di Valenza;570;586;1156
1183;Pecetto Torinese;1951;2056;4007
87034;Pedara;7735;7787;15522
109030;Pedaso;1359;1460;2819
25036;Pedavena;2106;2215;4321
24076;Pedemonte;339;338;677
26056;Pederobba;3647;3610;7257
14047;Pedesina;21;19;40
78096;Pedivigliano;354;375;729
16160;Pedrengo;2936;2975;5911
13178;Peglio;92;101;193
41041;Peglio;362;328;690
20039;Pegognaga;3466;3506;6972
16161;Peia;806;857;1663
22136;Peio;934;861;1795
48032;Pelago;3986;3980;7966
3115;Pella;415;459;874
34028;Pellegrino Parmense;501;466;967
65090;Pellezzano;5316;5508;10824
22137;Pellizzano;364;376;740
22138;Pelugo;184;204;388
5083;Penango;212;205;417
99024;Pennabilli;1350;1342;2692
69063;Pennadomo;99;102;201
55026;Penna in Teverina;503;521;1024
69064;Pennapiedimonte;185;180;365
43035;Penna San Giovanni;437;464;901
67033;Penna Sant'Andrea;826;801;1627
68027;Penne;5410;5496;10906
79092;Pentone;872;919;1791
69065;Perano;722;741;1463
25037;Perarolo di Cadore;182;177;359
21063;Perca/Percha;885;883;1768
58076;Percile;110;103;213
91072;Perdasdefogu;864;825;1689
111054;Perdaxius;639;637;1276
65091;Perdifumo;873;929;1802
66067;Pereto;335;295;630
90056;Perfugas;1109;1103;2212
22139;Pergine Valsugana;10556;11079;21635
41043;Pergola;2853;2892;5745
8040;Perinaldo;397;378;775
65092;Perito;387;376;763
97067;Perledo;407;423;830
4161;Perletto;136;119;255
4162;Perlo;61;45;106
7048;Perloz;211;228;439
28061;Pernumia;1897;1857;3754
15170;Pero;5969;5897;11866
1184;Perosa Argentina;1481;1657;3138
1185;Perosa Canavese;238;254;492
1186;Perrero;298;249;547
19068;Persico Dosimo;1621;1629;3250
2091;Pertengo;166;165;331
17139;Pertica Alta;291;258;549
17140;Pertica Bassa;274;269;543
65093;Pertosa;316;316;632
1187;Pertusio;362;382;744
54039;Perugia;78351;84033;162384
41044;Pesaro;46110;49160;95270
46022;Pescaglia;1580;1574;3154
23058;Pescantina;8794;8836;17630
68028;Pescara;56224;62263;118487
19069;Pescarolo ed Uniti;778;769;1547
66068;Pescasseroli;1022;971;1993
97068;Pescate;1083;1051;2134
94031;Pesche;745;692;1437
71038;Peschici;2143;2148;4291
15171;Peschiera Borromeo;11973;12390;24363
23059;Peschiera del Garda;5252;5653;10905
47012;Pescia;9359;9854;19213
66069;Pescina;1837;1817;3654
66070;Pescocostanzo;565;516;1081
94032;Pescolanciano;397;383;780
76058;Pescopagano;796;801;1597
94033;Pescopennataro;113;112;225
57049;Pescorocchiano;938;859;1797
62050;Pesco Sannita;869;929;1798
68029;Pescosansonesco;213;226;439
60049;Pescosolido;697;675;1372
15172;Pessano con Bornago;4473;4561;9034
19070;Pessina Cremonese;298;276;574
1188;Pessinetto;316;296;612
70051;Petacciato;1793;1760;3553
101017;Petilia Policastro;4223;4207;8430
65094;Petina;490;494;984
82055;Petralia Soprana;1380;1427;2807
82056;Petralia Sottana;1097;1252;2349
57050;Petrella Salto;553;461;1014
70052;Petrella Tifernina;480;510;990
41045;Petriano;1414;1400;2814
43036;Petriolo;914;907;1821
109031;Petritoli;1031;1055;2086
79094;Petrizzi;498;490;988
79095;Petronà;1135;1178;2313
81024;Petrosino;4051;3832;7883
64071;Petruro Irpino;152;145;297
3116;Pettenasco;636;660;1296
96042;Pettinengo;730;713;1443
83067;Pettineo;601;621;1222
94034;Pettoranello del Molise;249;202;451
66071;Pettorano sul Gizio;640;619;1259
29035;Pettorazza Grimani;707;685;1392
4163;Peveragno;2736;2766;5502
2093;Pezzana;628;661;1289
17141;Pezzaze;730;689;1419
4164;Pezzolo Valle Uzzone;133;148;281
33032;Piacenza;50520;53217;103737
28062;Piacenza d'Adige;651;634;1285
19116;Piadena Drizzona;2055;2008;4063
65095;Piaggine;513;543;1056
9048;Piana Crixia;378;371;749
82057;Piana degli Albanesi;2517;2654;5171
61056;Piana di Monte Verna;1049;1025;2074
17142;Pian Camuno;2447;2379;4826
52020;Piancastagnaio;1867;1972;3839
17206;Piancogno;2420;2367;4787
41047;Piandimeleto;1072;980;2052
78097;Piane Crati;630;648;1278
68030;Pianella;4301;4262;8563
13183;Pianello del Lario;532;542;1074
33033;Pianello Val Tidone;1078;1101;2179
19072;Pianengo;1309;1261;2570
1189;Pianezza;7616;8041;15657
24077;Pianezze;1116;1109;2225
4165;Pianfei;1049;1044;2093
16162;Pianico;739;717;1456
27028;Pianiga;6087;6218;12305
63053;Piano di Sorrento;5843;6293;12136
79096;Pianopoli;1296;1276;2572
37047;Pianoro;8787;9065;17852
56043;Piansano;1070;969;2039
14048;Piantedo;719;706;1425
16163;Piario;507;493;1000
4166;Piasco;1383;1375;2758
14049;Piateda;1014;1045;2059
96043;Piatto;239;231;470
46023;Piazza al Serchio;977;1054;2031
86014;Piazza Armerina;10227;10331;20558
16164;Piazza Brembana;580;615;1195
16165;Piazzatorre;199;197;396
28063;Piazzola sul Brenta;5522;5552;11074
16166;Piazzolo;45;47;92
68031;Picciano;635;643;1278
76059;Picerno;2791;2790;5581
60050;Picinisco;549;557;1106
60051;Pico;1259;1295;2554
5084;Piea;236;253;489
96044;Piedicavallo;89;79;168
87035;Piedimonte Etneo;1924;1941;3865
61057;Piedimonte Matese;4807;5181;9988
60052;Piedimonte San Germano;3150;3176;6326
103053;Piedimulera;721;705;1426
54040;Piegaro;1621;1700;3321
52021;Pienza;903;997;1900
19073;Pieranica;562;545;1107
94035;Pietrabbondante;299;260;559
8041;Pietrabruna;211;192;403
67034;Pietracamela;115;81;196
70053;Pietracatella;603;589;1192
70054;Pietracupa;94;87;181
64072;Pietradefusi;994;925;1919
18111;Pietra de' Giorgi;395;382;777
69103;Pietraferrazzana;62;64;126
78098;Pietrafitta;546;572;1118
76060;Pietragalla;1883;1859;3742
9049;Pietra Ligure;3920;4304;8224
54041;Pietralunga;983;1027;2010
6129;Pietra Marazzi;410;440;850
61058;Pietramelara;2178;2272;4450
71039;Pietramontecorvino;1141;1226;2367
68032;Pietranico;206;210;416
78099;Pietrapaola;474;524;998
76061;Pietrapertosa;418;430;848
86015;Pietraperzia;2951;3232;6183
4167;Pietraporzio;34;34;68
62051;Pietraroja;225;268;493
41048;Pietrarubbia;371;281;652
46024;Pietrasanta;10736;11942;22678
64073;Pietrastornina;750;713;1463
61059;Pietravairano;1380;1402;2782
62052;Pietrelcina;1462;1407;2869
18112;Pieve Albignola;398;394;792
47013;Pieve a Nievole;4497;4738;9235
18113;Pieve del Cairo;879;923;1802
26096;Pieve del Grappa;3229;3347;6576
22234;Pieve di Bono-Prezzo;738;723;1461
25039;Pieve di Cadore;1773;1815;3588
37048;Pieve di Cento;3704;3727;7431
26057;Pieve di Soligo;5682;5770;11452
8042;Pieve di Teco;653;676;1329
19074;Pieve d'Olmi;613;625;1238
15173;Pieve Emanuele;7947;7899;15846
98045;Pieve Fissiraga;875;878;1753
46025;Pieve Fosciana;1089;1095;2184
10043;Pieve Ligure;1161;1191;2352
36031;Pievepelago;1044;1052;2096
18114;Pieve Porto Morone;1403;1327;2730
19075;Pieve San Giacomo;790;781;1571
51030;Pieve Santo Stefano;1449;1517;2966
22142;Pieve Tesino;338;328;666
43038;Pieve Torina;602;602;1204
103054;Pieve Vergonte;1185;1227;2412
60053;Piglio;2100;2148;4248
8043;Pigna;372;370;742
60054;Pignataro Interamna;1171;1203;2374
61060;Pignataro Maggiore;2912;2907;5819
76062;Pignola;3352;3403;6755
11021;Pignone;265;264;529
13184;Pigra;120;109;229
2096;Pila;75;67;142
111055;Pimentel;557;521;1078
63054;Pimonte;2954;2929;5883
18115;Pinarolo Po;806;848;1654
1190;Pinasca;1337;1419;2756
29036;Pincara;543;519;1062
1191;Pinerolo;17023;18413;35436
67035;Pineto;7063;7698;14761
5085;Pino d'Asti;126;91;217
1192;Pino Torinese;4002;4334;8336
93030;Pinzano al Tagliamento;746;747;1493
22143;Pinzolo;1496;1580;3076
41049;Piobbico;890;918;1808
4168;Piobesi d'Alba;739;730;1469
1193;Piobesi Torinese;1839;1925;3764
2097;Piode;99;94;193
15175;Pioltello;19389;18320;37709
49012;Piombino;15922;16452;32374
28064;Piombino Dese;4838;4712;9550
43039;Pioraco;456;459;915
1194;Piossasco;8717;9127;17844
5086;Piovà Massaia;266;291;557
28065;Piove di Sacco;9904;10387;20291
24078;Piovene Rocchette;4172;4155;8327
33034;Piozzano;309;272;581
4169;Piozzo;510;481;991
83068;Piraino;1848;1876;3724
50026;Pisa;43991;46155;90146
3119;Pisano;379;415;794
1195;Piscina;1613;1675;3288
111056;Piscinas;370;388;758
65096;Pisciotta;1212;1204;2416
17143;Pisogne;3873;4028;7901
58077;Pisoniano;373;338;711
77020;Pisticci;8319;8175;16494
47014;Pistoia;43088;46006;89094
53019;Pitigliano;1688;1827;3515
20041;Piubega;891;856;1747
14050;Piuro;947;970;1917
1196;Piverone;593;631;1224
18116;Pizzale;337;333;670
19076;Pizzighettone;3081;3161;6242
102027;Pizzo;4253;4415;8668
69066;Pizzoferrato;502;447;949
66072;Pizzoli;2176;2010;4186
94036;Pizzone;159;128;287
102028;Pizzoni;448;468;916
80059;Placanica;479;498;977
78100;Plataci;314;312;626
79099;Platania;1017;948;1965
80060;Platì;1850;1796;3646
21064;Plaus/Plaus;386;374;760
13185;Plesio;418;389;807
90057;Ploaghe;2093;2108;4201
9050;Plodio;307;309;616
4170;Pocapaglia;1626;1680;3306
30075;Pocenia;1151;1136;2287
45013;Podenzana;1087;1066;2153
33035;Podenzano;4485;4560;9045
60055;Pofi;1900;1947;3847
75061;Poggiardo;2760;2985;5745
52022;Poggibonsi;13779;14269;28048
100004;Poggio a Caiano;4824;5084;9908
57051;Poggio Bustone;995;962;1957
57052;Poggio Catino;627;676;1303
54042;Poggiodomo;48;33;81
69067;Poggiofiorito;360;391;751
71040;Poggio Imperiale;1343;1208;2551
63055;Poggiomarino;11455;11348;22803
57053;Poggio Mirteto;2987;3094;6081
57054;Poggio Moiano;1432;1363;2795
57055;Poggio Nativo;1360;1222;2582
66073;Poggio Picenze;495;533;1028
81016;Poggioreale;632;640;1272
38018;Poggio Renatico;4800;4920;9720
72034;Poggiorsini;633;607;1240
20042;Poggio Rusco;3166;3089;6255
57056;Poggio San Lorenzo;296;267;563
42037;Poggio San Marcello;351;332;683
94037;Poggio Sannita;257;256;513
43040;Poggio San Vicino;91;104;195
99028;Poggio Torriana;2576;2521;5097
14051;Poggiridenti;898;927;1825
15176;Pogliano Milanese;4215;4268;8483
13186;Pognana Lario;329;328;657
16167;Pognano;814;792;1606
3120;Pogno;673;692;1365
1197;Poirino;5080;5085;10165
24079;Pojana Maggiore;2137;2112;4249
17144;Polaveno;1289;1242;2531
93031;Polcenigo;1501;1559;3060
29037;Polesella;1876;1800;3676
34050;Polesine Zibello;1565;1572;3137
58078;Poli;1109;1124;2233
102029;Polia;371;399;770
77021;Policoro;8720;9007;17727
72035;Polignano a Mare;8508;8763;17271
36032;Polinago;832;772;1604
55027;Polino;127;106;233
80061;Polistena;4769;5053;9822
82058;Polizzi Generosa;1337;1408;2745
65097;Polla;2500;2584;5084
7049;Pollein;735;711;1446
63056;Pollena Trocchia;6054;6600;12654
43041;Pollenza;3052;3097;6149
65098;Pollica;1017;1031;2048
82059;Pollina;1385;1422;2807
96046;Pollone;943;1004;1947
69068;Pollutri;988;1028;2016
4171;Polonghera;550;569;1119
17145;Polpenazze del Garda;1365;1370;2735
28066;Polverara;1672;1756;3428
42038;Polverigi;2272;2267;4539
50027;Pomarance;2578;2676;5254
1198;Pomaretto;426;509;935
77022;Pomarico;1807;1850;3657
22144;Pomarolo;1234;1182;2416
6131;Pomaro Monferrato;185;144;329
3121;Pombia;1073;1046;2119
58079;Pomezia;32556;32414;64970
63057;Pomigliano d'Arco;18990;20617;39607
63058;Pompei;11253;12264;23517
8044;Pompeiana;426;423;849
17146;Pompiano;1882;1873;3755
20043;Pomponesco;847;910;1757
95042;Pompu;115;102;217
17147;Poncarale;2576;2616;5192
96047;Ponderano;1736;1872;3608
13187;Ponna;114;109;223
50028;Ponsacco;7711;7982;15693
28067;Ponso;1231;1184;2415
48033;Pontassieve;9933;10189;20122
7050;Pontboset;96;81;177
1199;Pont Canavese;1449;1568;3017
62053;Ponte;1185;1203;2388
30076;Pontebba;644;648;1292
47016;Ponte Buggianese;4371;4522;8893
65099;Pontecagnano Faiano;13109;13225;26334
29038;Pontecchio Polesine;1133;1089;2222
4172;Pontechianale;95;92;187
60056;Pontecorvo;5914;6153;12067
6132;Pontecurone;1787;1783;3570
8045;Pontedassio;1207;1176;2383
33036;Ponte dell'Olio;2307;2387;4694
50029;Pontedera;14933;15095;30028
17148;Ponte di Legno;857;899;1756
26058;Ponte di Piave;4208;4123;8331
21065;Ponte Gardena/Waidbruck;145;126;271
14052;Ponte in Valtellina;1111;1106;2217
13188;Ponte Lambro;2111;2155;4266
62054;Pontelandolfo;955;986;1941
61061;Pontelatone;745;775;1520
28068;Pontelongo;1867;1831;3698
25040;Ponte nelle Alpi;3905;3998;7903
18117;Ponte Nizza;369;371;740
16168;Ponte Nossa;896;902;1798
33037;Pontenure;3327;3392;6719
16169;Ponteranica;3362;3369;6731
28069;Ponte San Nicolò;6382;6768;13150
16170;Ponte San Pietro;6003;6004;12007
6133;Pontestura;649;668;1317
17149;Pontevico;3408;3723;7131
7051;Pontey;391;380;771
6134;Ponti;250;241;491
16171;Pontida;1715;1584;3299
59017;Pontinia;7529;7555;15084
9051;Pontinvrea;411;396;807
16172;Pontirolo Nuovo;2564;2482;5046
20044;Ponti sul Mincio;1112;1165;2277
17150;Pontoglio;3503;3501;7004
45014;Pontremoli;3313;3554;6867
7052;Pont-Saint-Martin;1705;1812;3517
59018;Ponza;1723;1572;3295
109032;Ponzano di Fermo;806;783;1589
6135;Ponzano Monferrato;161;167;328
58080;Ponzano Romano;661;604;1265
26059;Ponzano Veneto;6407;6620;13027
6136;Ponzone;526;487;1013
68033;Popoli Terme;2212;2362;4574
51031;Poppi;2922;2810;5732
55028;Porano;871;945;1816
46026;Porcari;4402;4506;8908
93032;Porcia;7294;7653;14947
93033;Pordenone;25718;27026;52744
13189;Porlezza;2398;2503;4901
8046;Pornassio;396;286;682
30077;Porpetto;1193;1232;2425
5087;Portacomaro;922;969;1891
18118;Portalbera;728;752;1480
1200;Porte;564;549;1113
22244;Porte di Rendena;911;903;1814
63059;Portici;24100;27113;51213
61062;Portico di Caserta;3797;3941;7738
40031;Portico e San Benedetto;368;348;716
80062;Portigliola;470;524;994
49013;Porto Azzurro;1906;1781;3687
26060;Portobuffolè;372;375;747
70055;Portocannone;1178;1145;2323
12113;Porto Ceresio;1382;1403;2785
75097;Porto Cesareo;3261;3223;6484
84028;Porto Empedocle;7544;7886;15430
49014;Portoferraio;5744;6004;11748
10044;Portofino;172;187;359
27029;Portogruaro;11701;12600;24301
38019;Portomaggiore;6397;6036;12433
20045;Porto Mantovano;8264;8451;16715
89020;Portopalo di Capo Passero;1975;1915;3890
43042;Porto Recanati;6557;6177;12734
109033;Porto San Giorgio;7298;8190;15488
109034;Porto Sant'Elpidio;12621;13114;25735
111057;Portoscuso;2317;2372;4689
29039;Porto Tolle;4210;4397;8607
90058;Porto Torres;10089;10535;20624
12114;Porto Valtravaglia;1075;1222;2297
11022;Portovenere;1580;1575;3155
29052;Porto Viro;6773;6902;13675
96048;Portula;547;530;1077
91073;Posada;1561;1518;3079
24080;Posina;300;282;582
65100;Positano;1776;1867;3643
26061;Possagno;1190;1109;2299
57057;Posta;276;242;518
60057;Posta Fibreno;510;525;1035
21066;Postal/Burgstall;1023;1034;2057
14053;Postalesio;328;319;647
65101;Postiglione;1040;979;2019
2102;Postua;263;258;521
76063;Potenza;30604;32799;63403
43043;Potenza Picena;7561;7909;15470
24081;Pove del Grappa;1517;1616;3133
26062;Povegliano;2578;2565;5143
23060;Povegliano Veronese;3666;3735;7401
35029;Poviglio;3648;3592;7240
30078;Povoletto;2676;2711;5387
57058;Pozzaglia Sabina;152;151;303
19077;Pozzaglio ed Uniti;715;701;1416
88008;Pozzallo;9396;9562;18958
94038;Pozzilli;1071;1092;2163
15177;Pozzo d'Adda;3496;3375;6871
17151;Pozzolengo;1783;1794;3577
24082;Pozzoleone;1435;1317;2752
6137;Pozzol Groppo;161;150;311
6138;Pozzolo Formigaro;2293;2265;4558
90059;Pozzomaggiore;1124;1162;2286
28070;Pozzonovo;1706;1749;3455
63060;Pozzuoli;36261;38404;74665
30079;Pozzuolo del Friuli;3384;3507;6891
15178;Pozzuolo Martesana;4351;4477;8828
16173;Pradalunga;2263;2231;4494
30080;Pradamano;1709;1827;3536
4173;Pradleves;139;123;262
1201;Pragelato;372;322;694
78101;Praia a Mare;2975;3293;6268
65102;Praiano;933;987;1920
17152;Pralboino;1507;1343;2850
1202;Prali;133;118;251
1203;Pralormo;933;939;1872
96049;Pralungo;1126;1167;2293
27030;Pramaggiore;2346;2375;4721
1204;Pramollo;112;99;211
2104;Prarolo;373;347;720
1205;Prarostino;623;615;1238
6139;Prasco;257;244;501
1206;Prascorsano;348;338;686
14054;Prata Camportaccio;1484;1458;2942
66074;Prata d'Ansidonia;206;218;424
93034;Prata di Pordenone;4248;4105;8353
64074;Prata di Principato Ultra;1342;1313;2655
61063;Prata Sannita;644;677;1321
61064;Pratella;644;680;1324
1207;Pratiglione;232;212;444
100005;Prato;98099;100228;198327
21067;Prato allo Stelvio/Prad am Stilfserjoch;1932;1934;3866
30081;Prato Carnico;410;386;796
66075;Pratola Peligna;3369;3512;6881
64075;Pratola Serra;1784;1777;3561
3122;Prato Sesia;911;918;1829
51041;Pratovecchio Stia;2676;2730;5406
93035;Pravisdomini;1731;1740;3471
96050;Pray;950;1049;1999
4174;Prazzo;85;81;166
30082;Precenicco;735;729;1464
54043;Preci;348;330;678
22230;Predaia;3560;3494;7054
40032;Predappio;3258;3106;6364
22147;Predazzo;2220;2290;4510
21068;Predoi/Prettau;261;247;508
16174;Predore;906;941;1847
6140;Predosa;901;959;1860
26063;Preganziol;8270;8468;16738
15179;Pregnana Milanese;3661;3670;7331
8047;Prelà;267;230;497
97069;Premana;1101;1049;2150
30083;Premariacco;1907;2012;3919
103055;Premeno;373;359;732
103056;Premia;278;290;568
40033;Premilcuore;344;331;675
16175;Premolo;554;510;1064
103057;Premosello-Chiovenda;898;966;1864
30084;Preone;122;125;247
30085;Prepotto;349;347;696
7053;Pré-Saint-Didier;513;442;955
17153;Preseglie;767;703;1470
61065;Presenzano;840;768;1608
16176;Presezzo;2342;2448;4790
75098;Presicce-Acquarica;4359;4681;9040
23061;Pressana;1332;1179;2511
69069;Pretoro;422;437;859
17155;Prevalle;3461;3441;6902
66076;Prezza;392;412;804
4175;Priero;248;238;486
65103;Prignano Cilento;549;562;1111
36033;Prignano sulla Secchia;1988;1910;3898
97070;Primaluna;1139;1135;2274
22245;Primiero San Martino di Castrozza;2433;2531;4964
4176;Priocca;1003;1013;2016
4177;Priola;296;313;609
89021;Priolo Gargallo;5421;5617;11038
59019;Priverno;6806;6888;13694
82060;Prizzi;1927;2072;3999
56044;Proceno;290;231;521
63061;Procida;4910;5061;9971
10045;Propata;73;46;119
13192;Proserpio;469;482;951
59020;Prossedi;569;543;1112
17156;Provaglio d'Iseo;3469;3599;7068
17157;Provaglio Val Sabbia;436;408;844
21069;Proves/Proveis;140;103;243
70056;Provvidenti;48;49;97
4178;Prunetto;187;182;369
17158;Puegnago del Garda;1697;1781;3478
62055;Puglianello;637;625;1262
92050;Pula;3544;3504;7048
30086;Pulfero;418;414;832
73022;Pulsano;5544;5618;11162
16177;Pumenengo;883;848;1731
13193;Pusiano;633;668;1301
90060;Putifigari;332;326;658
72036;Putignano;12570;13126;25696
64076;Quadrelle;913;951;1864
69070;Quadri;315;357;672
1208;Quagliuzzo;178;155;333
63062;Qualiano;12323;12476;24799
5088;Quaranti;75;69;144
96087;Quaregna Cerreto;1012;1033;2045
6141;Quargnento;643;719;1362
103058;Quarna Sopra;116;124;240
103059;Quarna Sotto;188;185;373
2107;Quarona;1745;1970;3715
47017;Quarrata;13283;13745;27028
7054;Quart;2064;2087;4151
63063;Quarto;20331;21200;41531
27031;Quarto d'Altino;3922;4090;8012
92105;Quartucciu;6194;6529;12723
92051;Quartu Sant'Elena;33159;34710;67869
1209;Quassolo;159;170;329
6142;Quattordio;702;733;1435
35030;Quattro Castella;6439;6787;13226
9052;Quiliano;3338;3480;6818
1210;Quincinetto;495;496;991
64077;Quindici;869;888;1757
20046;Quingentole;501;515;1016
19078;Quintano;470;462;932
26064;Quinto di Treviso;4979;5114;10093
2108;Quinto Vercellese;185;196;381
24083;Quinto Vicentino;2901;2935;5836
17159;Quinzano d'Oglio;3224;3168;6392
20047;Quistello;2629;2652;5281
22150;Rabbi;706;668;1374
75063;Racale;5171;5499;10670
84029;Racalmuto;3782;3719;7501
4179;Racconigi;4801;4825;9626
83069;Raccuja;411;428;839
21070;Racines/Ratschings;2432;2270;4702
52023;Radda in Chianti;698;733;1431
87036;Raddusa;1373;1378;2751
52024;Radicofani;495;529;1024
52025;Radicondoli;513;456;969
84030;Raffadali;5724;6045;11769
87058;Ragalna;2255;2141;4396
30087;Ragogna;1413;1430;2843
88009;Ragusa;36524;37598;74122
66077;Raiano;1230;1365;2595
87037;Ramacca;5028;5001;10029
12115;Rancio Valcuvia;460;451;911
12116;Ranco;610;598;1208
87038;Randazzo;4791;5168;9959
16178;Ranica;2822;3006;5828
16179;Ranzanico;611;606;1217
8048;Ranzo;283;293;576
109035;Rapagnano;962;946;1908
10046;Rapallo;14199;15396;29595
69071;Rapino;562;553;1115
52026;Rapolano Terme;2494;2609;5103
76064;Rapolla;2070;2010;4080
76065;Rapone;403;424;827
2110;Rassa;41;25;66
21071;Rasun-Anterselva/Rasen-Antholz;1487;1449;2936
14055;Rasura;146;131;277
84031;Ravanusa;4911;5213;10124
36034;Ravarino;3169;3219;6388
30088;Ravascletto;262;235;497
65104;Ravello;1140;1195;2335
39014;Ravenna;76630;79845;156475
30089;Raveo;217;208;425
61066;Raviscanina;555;574;1129
103060;Re;351;356;707
18119;Rea;183;212;395
84032;Realmonte;2149;2219;4368
30090;Reana del Rojale;2330;2393;4723
1211;Reano;870;909;1779
61067;Recale;3837;3871;7708
43044;Recanati;10005;10553;20558
10047;Recco;4367;4906;9273
3129;Recetto;552;477;1029
24084;Recoaro Terme;2883;2884;5767
18120;Redavalle;548;502;1050
20048;Redondesco;589;599;1188
5089;Refrancore;742;793;1535
26065;Refrontolo;853;844;1697
86016;Regalbuto;3291;3265;6556
48035;Reggello;8205;8350;16555
80063;Reggio di Calabria;80626;87299;167925
35032;Reggiolo;4681;4637;9318
35033;Reggio nell'Emilia;86236;86685;172921
62056;Reino;525;538;1063
83070;Reitano;350;355;705
30091;Remanzacco;2866;3038;5904
17160;Remedello;1744;1702;3446
108037;Renate;2014;1969;3983
78102;Rende;18193;18700;36893
21072;Renon/Ritten;4208;4124;8332
26066;Resana;4678;4662;9340
15181;Rescaldina;7116;7290;14406
30092;Resia;463;441;904
30093;Resiutta;133;133;266
85014;Resuttano;824;863;1687
18121;Retorbido;709;802;1511
4180;Revello;2139;2045;4184
5090;Revigliasco d'Asti;380;372;752
26067;Revine Lago;1055;1044;2099
13195;Rezzago;174;137;311
17161;Rezzato;6717;6875;13592
8049;Rezzo;156;155;311
10048;Rezzoaglio;432;427;859
7055;Rhêmes-Notre-Dame;40;34;74
7056;Rhêmes-Saint-Georges;89;76;165
15182;Rho;24675;26325;51000
80064;Riace;893;903;1796
9053;Rialto;267;259;526
58081;Riano;5249;5245;10494
61068;Riardo;1072;1098;2170
84033;Ribera;8609;9135;17744
1212;Ribordone;27;16;43
102030;Ricadi;2597;2451;5048
6143;Ricaldone;311;293;604
70057;Riccia;2301;2345;4646
99013;Riccione;16224;18143;34367
11023;Riccò del Golfo di Spezia;1803;1840;3643
19079;Ricengo;893;831;1724
65105;Ricigliano;522;517;1039
26068;Riese Pio X;5517;5404;10921
85015;Riesi;4863;5295;10158
57059;Rieti;21717;23149;44866
21073;Rifiano/Riffian;710;683;1393
4181;Rifreddo;506;508;1014
58082;Rignano Flaminio;4983;5187;10170
71041;Rignano Garganico;847;875;1722
48036;Rignano sull'Arno;4238;4273;8511
30094;Rigolato;184;170;354
2113;Rimella;86;53;139
99014;Rimini;72814;77960;150774
49021;Rio;1743;1684;3427
21074;Rio di Pusteria/Mühlbach;1673;1657;3330
58083;Riofreddo;366;384;750
95043;Riola Sardo;1006;949;1955
39015;Riolo Terme;2966;2858;5824
36035;Riolunato;345;312;657
11024;Riomaggiore;630;630;1260
76066;Rionero in Vulture;6145;6180;12325
94039;Rionero Sannitico;510;431;941
35034;Rio Saliceto;3066;3033;6099
70058;Ripabottoni;214;196;410
76067;Ripacandida;786;742;1528
70059;Ripalimosani;1554;1416;2970
19080;Ripalta Arpina;568;520;1088
19081;Ripalta Cremasca;1726;1728;3454
19082;Ripalta Guerina;285;253;538
50030;Riparbella;880;812;1692
69072;Ripa Teatina;1969;1930;3899
44063;Ripatransone;2054;2051;4105
43045;Ripe San Ginesio;391;406;797
60058;Ripi;2495;2496;4991
87039;Riposto;6818;7083;13901
4182;Rittana;47;51;98
22153;Riva del Garda;8550;9208;17758
38029;Riva del Po;3662;3739;7401
16180;Riva di Solto;419;424;843
1213;Rivalba;598;537;1135
8050;Riva Ligure;1356;1355;2711
6144;Rivalta Bormida;658;674;1332
1214;Rivalta di Torino;9844;10175;20019
25043;Rivamonte Agordino;306;286;592
18122;Rivanazzano Terme;2495;2655;5150
1215;Riva presso Chieri;2349;2407;4756
1216;Rivara;1199;1222;2421
1217;Rivarolo Canavese;6048;6255;12303
19083;Rivarolo del Re ed Uniti;955;893;1848
20050;Rivarolo Mantovano;1142;1160;2302
6145;Rivarone;230;170;400
1218;Rivarossa;783;767;1550
2115;Rive;208;219;427
30095;Rive d'Arcano;1173;1227;2400
76068;Rivello;1191;1226;2417
33038;Rivergaro;3533;3639;7172
30188;Rivignano Teor;3189;3120;6309
66078;Rivisondoli;386;294;680
57060;Rivodutri;574;547;1121
1219;Rivoli;22366;24185;46551
23062;Rivoli Veronese;1215;1153;2368
19084;Rivolta d'Adda;4130;4228;8358
80065;Rizziconi;3920;3683;7603
24085;Roana;2106;2048;4154
4183;Roaschia;40;47;87
4184;Roascio;44;39;83
2116;Roasio;1030;1112;2142
5091;Roatto;179;171;350
1220;Robassomero;1476;1580;3056
97071;Robbiate;3251;3190;6441
18123;Robbio;2965;3051;6016
15183;Robecchetto con Induno;2370;2427;4797
19085;Robecco d'Oglio;1107;1143;2250
18124;Robecco Pavese;257;253;510
15184;Robecco sul Naviglio;3347;3447;6794
5092;Robella;244;196;440
4185;Robilante;1053;1050;2103
4186;Roburent;255;232;487
64078;Roccabascerana;1209;1134;2343
101018;Roccabernarda;1500;1545;3045
34030;Roccabianca;1462;1476;2938
4187;Roccabruna;759;760;1519
1221;Rocca Canavese;857;870;1727
58084;Rocca Canterano;94;76;170
66079;Roccacasale;282;280;562
4188;Rocca Cigliè;61;63;124
5093;Rocca d'Arazzo;467;468;935
60059;Rocca d'Arce;418;417;835
65106;Roccadaspide;3378;3522;6900
4189;Rocca de' Baldi;813;802;1615
18125;Rocca de' Giorgi;18;19;37
61069;Rocca d'Evandro;1462;1465;2927
66080;Rocca di Botte;485;406;891
66081;Rocca di Cambio;277;246;523
58085;Rocca di Cave;181;183;364
66082;Rocca di Mezzo;689;625;1314
101019;Rocca di Neto;2623;2663;5286
58086;Rocca di Papa;9426;8563;17989
83071;Roccafiorita;77;77;154
44064;Roccafluvione;922;894;1816
80066;Roccaforte del Greco;147;144;291
6146;Roccaforte Ligure;67;46;113
4190;Roccaforte Mondovì;1098;1034;2132
73023;Roccaforzata;841;888;1729
17162;Roccafranca;2549;2440;4989
58087;Roccagiovine;126;120;246
65107;Roccagloriosa;774;761;1535
59021;Roccagorga;2033;2054;4087
6147;Rocca Grimalda;716;680;1396
78103;Rocca Imperiale;1530;1586;3116
53020;Roccalbegna;450;459;909
83072;Roccalumera;1984;2159;4143
94040;Roccamandolfi;396;407;803
59022;Rocca Massima;583;544;1127
82061;Roccamena;622;661;1283
61070;Roccamonfina;1511;1576;3087
69073;Roccamontepiano;771;762;1533
68034;Roccamorice;404;436;840
76069;Roccanova;600;635;1235
57061;Roccantica;259;283;542
82062;Roccapalumba;1039;1080;2119
66083;Rocca Pia;83;70;153
65108;Roccapiemonte;4262;4414;8676
25044;Rocca Pietore;559;560;1119
58088;Rocca Priora;6030;6100;12130
63065;Roccarainola;3136;3327;6463
66084;Roccaraso;739;721;1460
61071;Roccaromana;398;445;843
40036;Rocca San Casciano;916;907;1823
64079;Rocca San Felice;383;382;765
69074;Rocca San Giovanni;1141;1158;2299
67036;Rocca Santa Maria;235;215;450
58089;Rocca Santo Stefano;471;435;906
69075;Roccascalegna;510;501;1011
60060;Roccasecca;3336;3335;6671
59023;Roccasecca dei Volsci;541;519;1060
94041;Roccasicura;240;220;460
57062;Rocca Sinibalda;430;371;801
4191;Roccasparvera;383;361;744
69076;Roccaspinalveti;548;573;1121
53021;Roccastrada;4384;4383;8767
18126;Rocca Susella;121;118;239
83073;Roccavaldina;466;499;965
5094;Roccaverano;192;168;360
9054;Roccavignale;392;363;755
4192;Roccavione;1299;1311;2610
70060;Roccavivara;272;295;567
80067;Roccella Ionica;2919;3200;6119
83074;Roccella Valdemone;262;270;532
94042;Rocchetta a Volturno;544;522;1066
4193;Rocchetta Belbo;75;75;150
11025;Rocchetta di Vara;348;313;661
61072;Rocchetta e Croce;232;207;439
6148;Rocchetta Ligure;126;96;222
8051;Rocchetta Nervina;146;121;267
5095;Rocchetta Palafea;167;153;320
71042;Rocchetta Sant'Antonio;780;817;1597
5096;Rocchetta Tanaro;681;676;1357
15185;Rodano;2336;2373;4709
4194;Roddi;832;759;1591
4195;Roddino;210;184;394
4196;Rodello;465;494;959
21075;Rodengo/Rodeneck;673;631;1304
17163;Rodengo Saiano;4803;5065;9868
13197;Rodero;655;627;1282
71043;Rodi Garganico;1646;1660;3306
20051;Rodigo;2562;2612;5174
83075;Rodì Milici;953;985;1938
17164;Roè Volciano;2101;2222;4323
65109;Rofrano;638;584;1222
97072;Rogeno;1572;1478;3050
78104;Roggiano Gravina;3296;3412;6708
80068;Roghudi;433;464;897
78105;Rogliano;2600;2550;5150
18127;Rognano;348;360;708
16182;Rogno;1937;1917;3854
14056;Rogolo;283;292;575
58090;Roiate;303;336;639
69077;Roio del Sangro;56;45;101
7057;Roisan;498;486;984
1222;Roletto;980;985;1965
35035;Rolo;2102;1938;4040
58091;Roma;1307339;1437723;2745062
65110;Romagnano al Monte;182;187;369
3130;Romagnano Sesia;1829;1930;3759
18128;Romagnese;276;252;528
90061;Romana;217;240;457
19086;Romanengo;1620;1637;3257
1223;Romano Canavese;1341;1370;2711
24086;Romano d'Ezzelino;6966;7036;14002
16183;Romano di Lombardia;10783;10266;21049
31015;Romans d'Isonzo;1766;1790;3556
102031;Rombiolo;2124;2077;4201
22155;Romeno;786;743;1529
3131;Romentino;2794;2864;5658
83076;Rometta;3181;3316;6497
23063;Roncà;1927;1828;3755
26069;Roncade;7247;7345;14592
17165;Roncadelle;4625;4690;9315
18129;Roncaro;770;763;1533
22156;Roncegno Terme;1498;1522;3020
108055;Roncello;2382;2390;4772
31016;Ronchi dei Legionari;5821;6038;11859
30097;Ronchis;962;977;1939
22157;Ronchi Valsugana;237;213;450
56045;Ronciglione;4208;4231;8439
23064;Ronco all'Adige;3151;3044;6195
16184;Roncobello;222;199;421
96053;Ronco Biellese;713;696;1409
108038;Ronco Briantino;1910;1867;3777
1224;Ronco Canavese;195;188;383
20052;Roncoferraro;3422;3513;6935
40037;Roncofreddo;1804;1754;3558
16185;Roncola;474;427;901
10049;Ronco Scrivia;2126;2087;4213
10050;Rondanina;34;23;57
1225;Rondissone;997;930;1927
2118;Ronsecco;260;300;560
22135;Ronzo-Chienis;534;470;1004
22159;Ronzone;263;252;515
96054;Roppolo;386;419;805
1226;Rorà;121;95;216
24087;Rosà;7234;7419;14653
80069;Rosarno;7311;7217;14528
18130;Rosasco;279;281;560
15188;Rosate;2782;2859;5641
96055;Rosazza;45;50;95
68035;Rosciano;2015;2099;4114
65111;Roscigno;283;287;570
78106;Rose;2041;2068;4109
69078;Rosello;86;89;175
78107;Roseto Capo Spulico;928;937;1865
67037;Roseto degli Abruzzi;12794;13144;25938
71044;Roseto Valfortore;478;504;982
49017;Rosignano Marittimo;14631;15472;30103
6149;Rosignano Monferrato;689;698;1387
29040;Rosolina;3047;2996;6043
89016;Rosolini;10311;10344;20655
42040;Rosora;907;881;1788
2121;Rossa;97;70;167
4197;Rossana;431;405;836
24088;Rossano Veneto;4149;4147;8296
10051;Rossiglione;1217;1306;2523
1228;Rosta;2489;2585;5074
16186;Rota d'Imagna;470;470;940
78109;Rota Greca;448;443;891
44065;Rotella;391;373;764
70061;Rotello;596;527;1123
76070;Rotonda;1542;1558;3100
77023;Rotondella;1101;1208;2309
64080;Rotondi;1717;1612;3329
33039;Rottofreno;6056;6264;12320
24089;Rotzo;320;324;644
1227;Roure;352;388;740
2122;Rovasenda;421;464;885
17166;Rovato;10125;9621;19746
10052;Rovegno;262;207;469
13201;Rovellasca;3955;4073;8028
13202;Rovello Porro;3151;3236;6387
20053;Roverbella;4331;4383;8714
23065;Roverchiara;1368;1228;2596
22160;Roverè della Luna;857;801;1658
23066;Roveredo di Guà;827;830;1657
93036;Roveredo in Piano;2801;2959;5760
22161;Rovereto;19516;20997;40513
23067;Roverè Veronese;1099;1070;2169
18131;Rovescala;404;406;810
16187;Rovetta;2055;2095;4150
58092;Roviano;585;647;1232
29041;Rovigo;24434;25560;49994
78110;Rovito;1463;1438;2901
28071;Rovolon;2448;2415;4863
15189;Rozzano;20311;21413;41724
28072;Rubano;8352;8891;17243
1229;Rubiana;1363;1228;2591
35036;Rubiera;7110;7412;14522
30098;Ruda;1378;1424;2802
17167;Rudiano;3004;2906;5910
1230;Rueglio;379;409;788
75064;Ruffano;4437;4780;9217
4198;Ruffia;191;166;357
22162;Ruffrè-Mendola;217;182;399
48037;Rufina;3509;3594;7103
95044;Ruinas;276;293;569
22163;Rumo;399;384;783
76071;Ruoti;1588;1576;3164
39016;Russi;6094;6188;12282
72037;Rutigliano;8937;9317;18254
65112;Rutino;387;357;744
61073;Ruviano;787;839;1626
76072;Ruvo del Monte;466;469;935
72038;Ruvo di Puglia;11815;12277;24092
59024;Sabaudia;9812;9514;19326
17168;Sabbio Chiese;2083;2010;4093
20054;Sabbioneta;2033;2043;4076
65113;Sacco;198;196;394
28073;Saccolongo;2528;2501;5029
93037;Sacile;9745;10202;19947
58093;Sacrofano;3678;3834;7512
111058;Sadali;378;394;772
95086;Sagama;96;90;186
96056;Sagliano Micca;769;825;1594
31017;Sagrado;1041;1091;2132
22164;Sagron Mis;88;83;171
7058;Saint-Christophe;1732;1704;3436
7059;Saint-Denis;195;177;372
7060;Saint-Marcel;626;657;1283
7061;Saint-Nicolas;181;155;336
7062;Saint-Oyen;81;107;188
7063;Saint-Pierre;1601;1641;3242
7064;Saint-Rhémy-en-Bosses;199;154;353
7065;Saint-Vincent;2173;2259;4432
34031;Sala Baganza;3120;2985;6105
96057;Sala Biellese;265;266;531
37050;Sala Bolognese;4234;4217;8451
13203;Sala Comacina;219;237;456
65114;Sala Consilina;5959;6144;12103
6150;Sala Monferrato;156;170;326
77024;Salandra;1181;1210;2391
81017;Salaparuta;766;794;1560
29042;Salara;484;543;1027
2126;Salasco;106;88;194
1231;Salassa;910;940;1850
1232;Salbertrand;333;302;635
24090;Salcedo;493;496;989
70062;Salcito;337;302;639
6151;Sale;1901;1952;3853
4199;Sale delle Langhe;244;229;473
17169;Sale Marasino;1572;1666;3238
81018;Salemi;4836;4883;9719
65115;Salento;849;885;1734
1233;Salerano Canavese;232;239;471
98046;Salerano sul Lambro;1341;1349;2690
65116;Salerno;59113;66210;125323
4200;Sale San Giovanni;77;74;151
26070;Salgareda;3287;3236;6523
75065;Salice Salentino;3654;3895;7549
4201;Saliceto;556;588;1144
57063;Salisano;227;235;462
2127;Sali Vercellese;47;41;88
23068;Salizzole;1932;1826;3758
68036;Salle;128;122;250
4202;Salmour;393;326;719
17170;Salò;4843;5449;10292
21076;Salorno sulla strada del vino/Salurn an der Weinstraße;1942;1893;3835
34032;Salsomaggiore Terme;10394;10246;20640
12117;Saltrio;1454;1547;3001
99015;Saludecio;1645;1629;3274
2128;Saluggia;1840;1912;3752
96058;Salussola;947;888;1835
4203;Saluzzo;8685;8890;17575
75066;Salve;2192;2388;4580
19087;Salvirola;572;571;1143
65117;Salvitelle;222;235;457
1234;Salza di Pinerolo;41;24;65
64081;Salza Irpina;365;362;727
27032;Salzano;6317;6451;12768
12118;Samarate;8078;8154;16232
111059;Samassi;2302;2372;4674
111060;Samatzai;750;752;1502
84034;Sambuca di Sicilia;2583;2619;5202
47018;Sambuca Pistoiese;744;662;1406
58094;Sambuci;419;414;833
4204;Sambuco;41;40;81
72039;Sammichele di Bari;2895;3026;5921
80070;Samo;335;344;679
14057;Samolaco;1415;1456;2871
1235;Samone;765;773;1538
22165;Samone;268;272;540
4205;Sampeyre;486;481;967
95045;Samugheo;1311;1325;2636
75067;Sanarica;713;762;1475
8052;San Bartolomeo al Mare;1437;1530;2967
62057;San Bartolomeo in Galdo;2090;2101;4191
13204;San Bartolomeo Val Cavargna;446;480;926
78111;San Basile;409;473;882
111061;San Basilio;550;517;1067
19088;San Bassano;981;1076;2057
29043;San Bellino;545;530;1075
4206;San Benedetto Belbo;73;68;141
66085;San Benedetto dei Marsi;1884;1831;3715
44066;San Benedetto del Tronto;22326;24650;46976
66086;San Benedetto in Perillis;60;40;100
20055;San Benedetto Po;3416;3376;6792
78112;San Benedetto Ullano;692;681;1373
37051;San Benedetto Val di Sambro;2193;2075;4268
1236;San Benigno Canavese;2993;3057;6050
103061;San Bernardino Verbano;620;606;1226
8053;San Biagio della Cima;621;662;1283
26071;San Biagio di Callalta;6350;6281;12631
84035;San Biagio Platani;1300;1444;2744
60061;San Biagio Saracinisco;145;144;289
70063;San Biase;60;57;117
23069;San Bonifacio;10788;10611;21399
69079;San Buono;429;406;835
102032;San Calogero;1836;1876;3712
21077;San Candido/Innichen;1611;1707;3318
31018;San Canzian d'Isonzo;3000;3048;6048
1237;San Carlo Canavese;1986;2043;4029
52027;San Casciano dei Bagni;709;708;1417
48038;San Casciano in Val di Pesa;7845;8443;16288
75095;San Cassiano;981;955;1936
85016;San Cataldo;9727;10502;20229
58119;San Cesareo;8200;8183;16383
75068;San Cesario di Lecce;3709;4078;7787
36036;San Cesario sul Panaro;3368;3308;6676
76073;San Chirico Nuovo;548;528;1076
76074;San Chirico Raparo;450;415;865
82063;San Cipirello;2321;2466;4787
61074;San Cipriano d'Aversa;6786;6710;13496
65118;San Cipriano Picentino;3319;3419;6738
18133;San Cipriano Po;235;220;455
99016;San Clemente;2841;2908;5749
15191;San Colombano al Lambro;3758;3833;7591
1238;San Colombano Belmonte;189;170;359
10053;San Colombano Certenoli;1359;1338;2697
87040;San Cono;1198;1165;2363
78113;San Cosmo Albanese;246;294;540
76075;San Costantino Albanese;275;294;569
102033;San Costantino Calabro;995;1036;2031
41051;San Costanzo;2367;2281;4648
6152;San Cristoforo;258;261;519
18134;San Damiano al Colle;311;289;600
5097;San Damiano d'Asti;3942;4098;8040
4207;San Damiano Macra;210;192;402
30099;San Daniele del Friuli;3838;4071;7909
19089;San Daniele Po;677;620;1297
78114;San Demetrio Corone;1419;1536;2955
66087;San Demetrio ne' Vestini;1030;972;2002
1239;San Didero;256;237;493
96059;Sandigliano;1231;1332;2563
74013;San Donaci;2939;3111;6050
27033;San Donà di Piave;20408;21853;42261
75069;San Donato di Lecce;2518;2832;5350
78115;San Donato di Ninea;497;533;1030
15192;San Donato Milanese;15592;16618;32210
60062;San Donato Val di Comino;884;968;1852
32004;San Dorligo della Valle-Dolina;2782;2840;5622
24091;Sandrigo;4079;4147;8226
76076;San Fele;1250;1243;2493
61075;San Felice a Cancello;8291;8519;16810
59025;San Felice Circeo;5268;4821;10089
17171;San Felice del Benaco;1712;1756;3468
70064;San Felice del Molise;265;260;525
36037;San Felice sul Panaro;5525;5524;11049
80097;San Ferdinando;2419;2050;4469
110007;San Ferdinando di Puglia;6977;6878;13855
13206;San Fermo della Battaglia;3750;4020;7770
78116;San Fili;1218;1188;2406
83077;San Filippo del Mela;3258;3359;6617
26072;San Fior;3441;3402;6843
98047;San Fiorano;962;931;1893
31019;San Floriano del Collio-Števerjan;353;365;718
79108;San Floro;345;346;691
1240;San Francesco al Campo;2380;2425;4805
83078;San Fratello;1570;1589;3159
4208;Sanfrè;1505;1546;3051
4209;Sanfront;1111;1142;2253
1241;Sangano;1716;1908;3624
111062;San Gavino Monreale;3794;4029;7823
55029;San Gemini;2219;2392;4611
21079;San Genesio Atesino/Jenesien;1546;1480;3026
18135;San Genesio ed Uniti;1958;2095;4053
63066;San Gennaro Vesuviano;6297;5867;12164
1242;San Germano Chisone;844;845;1689
2131;San Germano Vercellese;816;799;1615
17172;San Gervasio Bresciano;1337;1342;2679
70065;San Giacomo degli Schiavoni;681;694;1375
20056;San Giacomo delle Segnate;760;748;1508
14058;San Giacomo Filippo;193;178;371
2035;San Giacomo Vercellese;129;134;263
12141;Sangiano;735;702;1437
1243;San Gillio;1608;1703;3311
52028;San Gimignano;3847;3616;7463
43046;San Ginesio;1534;1513;3047
78117;Sangineto;613;589;1202
63067;San Giorgio a Cremano;19587;21998;41585
78118;San Giorgio Albanese;613;643;1256
60063;San Giorgio a Liri;1439;1488;2927
20057;San Giorgio Bigarello;5937;6021;11958
1244;San Giorgio Canavese;1230;1254;2484
93038;San Giorgio della Richinvelda;2409;2132;4541
28075;San Giorgio delle Pertiche;5074;5018;10092
62058;San Giorgio del Sannio;4630;5003;9633
18136;San Giorgio di Lomellina;511;475;986
30100;San Giorgio di Nogaro;3650;3635;7285
37052;San Giorgio di Piano;4833;4938;9771
28076;San Giorgio in Bosco;3192;3115;6307
73024;San Giorgio Ionico;6656;7194;13850
62059;San Giorgio La Molara;1347;1298;2645
77025;San Giorgio Lucano;504;482;986
6153;San Giorgio Monferrato;590;614;1204
80071;San Giorgio Morgeto;1425;1520;2945
33040;San Giorgio Piacentino;2771;2815;5586
5098;San Giorgio Scarampi;47;51;98
15194;San Giorgio su Legnano;3371;3497;6868
1245;San Giorio di Susa;482;469;951
30101;San Giovanni al Natisone;3066;2929;5995
65119;San Giovanni a Piro;1794;1797;3591
16188;San Giovanni Bianco;2328;2241;4569
20058;San Giovanni del Dosso;632;612;1244
22250;San Giovanni di Fassa-Sèn Jan;1810;1823;3633
80072;San Giovanni di Gerace;188;206;394
84036;San Giovanni Gemini;3684;3699;7383
23070;San Giovanni Ilarione;2446;2402;4848
60064;San Giovanni Incarico;1476;1490;2966
19090;San Giovanni in Croce;983;932;1915
78119;San Giovanni in Fiore;7460;7868;15328
70066;San Giovanni in Galdo;248;247;495
99017;San Giovanni in Marignano;4635;4790;9425
37053;San Giovanni in Persiceto;13806;14389;28195
87041;San Giovanni la Punta;11806;12652;24458
69080;San Giovanni Lipioni;72;67;139
23071;San Giovanni Lupatoto;12503;12924;25427
71046;San Giovanni Rotondo;13017;13112;26129
111063;San Giovanni Suergiu;2763;2760;5523
69081;San Giovanni Teatino;7142;7399;14541
51033;San Giovanni Valdarno;7934;8630;16564
70067;San Giuliano del Sannio;501;455;956
70068;San Giuliano di Puglia;459;498;957
15195;San Giuliano Milanese;20127;20100;40227
50031;San Giuliano Terme;15161;15706;30867
82064;San Giuseppe Jato;3838;4048;7886
63068;San Giuseppe Vesuviano;15804;14746;30550
54044;San Giustino;5430;5590;11020
1246;San Giusto Canavese;1623;1686;3309
48039;San Godenzo;591;524;1115
58095;San Gregorio da Sassola;707;678;1385
87042;San Gregorio di Catania;5517;6001;11518
102034;San Gregorio d'Ippona;1327;1247;2574
65120;San Gregorio Magno;1837;1961;3798
61076;San Gregorio Matese;417;425;842
25045;San Gregorio nelle Alpi;801;781;1582
23072;Sanguinetto;2212;2106;4318
37054;San Lazzaro di Savena;15842;17108;32950
99025;San Leo;1486;1391;2877
30102;San Leonardo;534;487;1021
21080;San Leonardo in Passiria/St. Leonhard in Passeier;1887;1793;3680
62060;San Leucio del Sannio;1429;1448;2877
62061;San Lorenzello;1031;1048;2079
80073;San Lorenzo;1011;1057;2068
8054;San Lorenzo al Mare;580;644;1224
78120;San Lorenzo Bellizzi;251;250;501
78121;San Lorenzo del Vallo;1532;1525;3057
21081;San Lorenzo di Sebato/St. Lorenzen;2040;1953;3993
22231;San Lorenzo Dorsino;780;785;1565
41054;San Lorenzo in Campo;1545;1612;3157
31020;San Lorenzo Isontino;733;746;1479
62062;San Lorenzo Maggiore;949;906;1855
56047;San Lorenzo Nuovo;1020;1009;2029
80074;San Luca;1609;1688;3297
78122;San Lucido;3935;3840;7775
62063;San Lupo;339;328;667
111067;Sanluri;3950;4046;7996
79110;San Mango d'Aquino;666;718;1384
65121;San Mango Piemonte;1301;1315;2616
64082;San Mango sul Calore;593;511;1104
61077;San Marcellino;7311;7412;14723
42041;San Marcello;997;1009;2006
47024;San Marcello Piteglio;3562;3848;7410
78123;San Marco Argentano;3395;3374;6769
83079;San Marco d'Alunzio;855;920;1775
62064;San Marco dei Cavoti;1389;1506;2895
61104;San Marco Evangelista;3214;3260;6474
71047;San Marco in Lamis;6065;6140;12205
71048;San Marco la Catola;395;415;810
5099;San Martino Alfieri;339;322;661
93039;San Martino al Tagliamento;782;735;1517
23073;San Martino Buon Albergo;8354;8443;16797
1247;San Martino Canavese;399;399;798
76077;San Martino d'Agri;318;297;615
20059;San Martino dall'Argine;807;797;1604
19091;San Martino del Lago;190;194;384
78124;San Martino di Finita;458;459;917
28077;San Martino di Lupari;6630;6689;13319
29044;San Martino di Venezze;1895;1911;3806
21082;San Martino in Badia/St. Martin in Thurn;937;857;1794
21083;San Martino in Passiria/St. Martin in Passeier;1686;1637;3323
70069;San Martino in Pensilis;2144;2221;4365
35037;San Martino in Rio;4101;4145;8246
98048;San Martino in Strada;1898;1878;3776
62065;San Martino Sannita;565;571;1136
18137;San Martino Siccomario;3316;3350;6666
69082;San Martino sulla Marrucina;429;439;868
64083;San Martino Valle Caudina;2359;2374;4733
73025;San Marzano di San Giuseppe;4383;4413;8796
5100;San Marzano Oliveto;476;454;930
65122;San Marzano sul Sarno;5093;5116;10209
70070;San Massimo;457;368;825
1248;San Maurizio Canavese;5065;5187;10252
3133;San Maurizio d'Opaglio;1400;1531;2931
82065;San Mauro Castelverde;638;641;1279
65123;San Mauro Cilento;421;403;824
23074;San Mauro di Saline;319;287;606
77026;San Mauro Forte;604;564;1168
65124;San Mauro la Bruca;251;249;500
101020;San Mauro Marchesato;906;962;1868
40041;San Mauro Pascoli;6142;6316;12458
1249;San Mauro Torinese;8828;9439;18267
22167;San Michele all'Adige;2066;2032;4098
27034;San Michele al Tagliamento;5534;5795;11329
87043;San Michele di Ganzaria;1372;1435;2807
64084;San Michele di Serino;1201;1190;2391
4210;San Michele Mondovì;955;941;1896
74014;San Michele Salentino;2945;3061;6006
50032;San Miniato;13594;14175;27769
62066;San Nazzaro;404;415;819
18138;Sannazzaro de' Burgondi;2644;2586;5230
3134;San Nazzaro Sesia;366;335;701
13207;San Nazzaro Val Cavargna;136;120;256
72040;Sannicandro di Bari;4935;4673;9608
71049;San Nicandro Garganico;6409;6958;13367
75070;Sannicola;2652;2888;5540
78125;San Nicola Arcella;1002;1016;2018
64085;San Nicola Baronia;361;376;737
102035;San Nicola da Crissa;610;564;1174
101021;San Nicola dell'Alto;330;315;645
61078;San Nicola la Strada;10787;11055;21842
62067;San Nicola Manfredi;1652;1721;3373
95046;San Nicolò d'Arcidano;1185;1211;2396
25046;San Nicolò di Comelico;188;180;368
111064;San Nicolò Gerrei;368;341;709
74015;San Pancrazio Salentino;4332;4626;8958
21084;San Pancrazio/St. Pankraz;807;741;1548
17138;San Paolo;2247;2243;4490
76020;San Paolo Albanese;90;107;197
63069;San Paolo Bel Sito;1638;1720;3358
16189;San Paolo d'Argon;2994;2944;5938
71050;San Paolo di Civitate;2659;2663;5322
42042;San Paolo di Jesi;453;456;909
5101;San Paolo Solbrito;576;587;1163
16190;San Pellegrino Terme;2212;2385;4597
31021;San Pier d'Isonzo;985;929;1914
83080;San Pier Niceto;1243;1275;2518
83081;San Piero Patti;1222;1313;2535
30103;San Pietro al Natisone;1022;1047;2069
65125;San Pietro al Tanagro;824;875;1699
79114;San Pietro a Maida;1893;1917;3810
79115;San Pietro Apostolo;784;749;1533
94043;San Pietro Avellana;194;196;390
87044;San Pietro Clarenza;4155;4217;8372
25047;San Pietro di Cadore;724;688;1412
80075;San Pietro di Caridà;428;495;923
26073;San Pietro di Feletto;2472;2660;5132
23075;San Pietro di Morubio;1647;1498;3145
78126;San Pietro in Amantea;236;210;446
23076;San Pietro in Cariano;6254;6742;12996
37055;San Pietro in Casale;6579;6627;13206
33041;San Pietro in Cerro;381;358;739
61079;San Pietro Infine;379;396;775
28078;San Pietro in Gu;2031;2076;4107
78127;San Pietro in Guarano;1639;1659;3298
75071;San Pietro in Lama;1596;1748;3344
3135;San Pietro Mosezzo;1010;950;1960
24094;San Pietro Mussolino;782;722;1504
1250;San Pietro Val Lemina;727;710;1437
74016;San Pietro Vernotico;6198;6609;12807
28079;San Pietro Viminario;1508;1474;2982
66088;San Pio delle Camere;332;331;663
58096;San Polo dei Cavalieri;1439;1365;2804
35038;San Polo d'Enza;3051;3089;6140
26074;San Polo di Piave;2478;2317;4795
70071;San Polo Matese;260;227;487
1251;San Ponso;114;116;230
36038;San Possidonio;1795;1782;3577
61080;San Potito Sannitico;952;995;1947
64086;San Potito Ultra;686;771;1457
61081;San Prisco;5751;6343;12094
80076;San Procopio;227;242;469
36039;San Prospero;3184;3077;6261
52030;San Quirico d'Orcia;1231;1299;2530
93040;San Quirino;2149;2184;4333
1252;San Raffaele Cimena;1541;1587;3128
8055;Sanremo;25633;27524;53157
80077;San Roberto;740;739;1479
98049;San Rocco al Porto;1702;1750;3452
46027;San Romano in Garfagnana;640;655;1295
65126;San Rufo;793;792;1585
83082;San Salvatore di Fitalia;501;602;1103
6154;San Salvatore Monferrato;2047;2006;4053
62068;San Salvatore Telesino;1947;1909;3856
69083;San Salvo;9960;9958;19918
63070;San Sebastiano al Vesuvio;4077;4494;8571
6155;San Sebastiano Curone;247;283;530
1253;San Sebastiano da Po;931;922;1853
1254;San Secondo di Pinerolo;1815;1823;3638
34033;San Secondo Parmense;2955;2966;5921
51034;Sansepolcro;7500;7692;15192
76078;San Severino Lucano;658;655;1313
43047;San Severino Marche;5803;5990;11793
71051;San Severo;24051;24756;48807
13248;San Siro;833;839;1672
64087;San Sossio Baronia;714;748;1462
79116;San Sostene;717;690;1407
78128;San Sosti;957;882;1839
111065;San Sperate;4318;4307;8625
27036;San Stino di Livenza;6325;6401;12726
16191;Santa Brigida;252;265;517
78129;Santa Caterina Albanese;532;520;1052
79117;Santa Caterina dello Ionio;953;965;1918
28108;Santa Caterina d'Este;1175;1144;2319
85017;Santa Caterina Villarmosa;2090;2331;4421
75072;Santa Cesarea Terme;1298;1466;2764
80078;Santa Cristina d'Aspromonte;357;350;707
18139;Santa Cristina e Bissone;952;896;1848
82066;Santa Cristina Gela;518;488;1006
21085;Santa Cristina Valgardena/St. Christina in Gröden;1011;1025;2036
88010;Santa Croce Camerina;6198;5451;11649
62069;Santa Croce del Sannio;430;427;857
70072;Santa Croce di Magliano;1846;1974;3820
50033;Santa Croce sull'Arno;7692;7422;15114
111068;Santadi;1490;1539;3029
78130;Santa Domenica Talao;556;571;1127
83083;Santa Domenica Vittoria;429;432;861
84037;Santa Elisabetta;1117;1091;2208
53022;Santa Fiora;1254;1250;2504
82067;Santa Flavia;5399;5584;10983
94044;Sant'Agapito;657;676;1333
37056;Sant'Agata Bolognese;3719;3626;7345
62070;Sant'Agata de' Goti;4951;5056;10007
80079;Sant'Agata del Bianco;262;262;524
78131;Sant'Agata di Esaro;871;832;1703
83084;Sant'Agata di Militello;5770;6363;12133
71052;Sant'Agata di Puglia;865;872;1737
99026;Sant'Agata Feltria;982;975;1957
6156;Sant'Agata Fossili;171;166;337
87045;Sant'Agata li Battiati;4287;4930;9217
39017;Sant'Agata sul Santerno;1383;1451;2834
18140;Santa Giuletta;776;809;1585
95047;Santa Giusta;2283;2275;4558
25048;Santa Giustina;3215;3406;6621
28080;Santa Giustina in Colle;3621;3518;7139
63071;Sant'Agnello;4084;4341;8425
4211;Sant'Albano Stura;1266;1154;2420
18141;Sant'Alessio con Vialone;547;511;1058
80080;Sant'Alessio in Aspromonte;153;146;299
83085;Sant'Alessio Siculo;739;803;1542
87046;Sant'Alfio;732;789;1521
50034;Santa Luce;777;803;1580
83086;Santa Lucia del Mela;2167;2175;4342
26075;Santa Lucia di Piave;4553;4503;9056
64088;Santa Lucia di Serino;654;688;1342
84038;Santa Margherita di Belice;2910;3071;5981
18142;Santa Margherita di Staffora;223;201;424
10054;Santa Margherita Ligure;3892;4367;8259
50035;Santa Maria a Monte;6696;6777;13473
61082;Santa Maria a Vico;6975;7400;14375
61083;Santa Maria Capua Vetere;15433;16622;32055
90087;Santa Maria Coghinas;702;644;1346
78132;Santa Maria del Cedro;2562;2617;5179
18143;Santa Maria della Versa;1133;1142;2275
94045;Santa Maria del Molise;337;308;645
87047;Santa Maria di Licodia;3775;3900;7675
27035;Santa Maria di Sala;8703;8785;17488
97074;Santa Maria Hoè;1057;1022;2079
69084;Santa Maria Imbaro;1012;1010;2022
63090;Santa Maria la Carità;5917;5985;11902
61084;Santa Maria la Fossa;1258;1244;2502
30104;Santa Maria la Longa;1117;1186;2303
103062;Santa Maria Maggiore;638;667;1305
42043;Santa Maria Nuova;1945;1935;3880
65127;Santa Marina;1597;1623;3220
83087;Santa Marina Salina;458;419;877
58097;Santa Marinella;8940;9505;18445
1255;Sant'Ambrogio di Torino;2240;2261;4501
23077;Sant'Ambrogio di Valpolicella;5855;6015;11870
60065;Sant'Ambrogio sul Garigliano;442;423;865
61085;San Tammaro;2870;2882;5752
63072;Sant'Anastasia;12664;13335;25999
54045;Sant'Anatolia di Narco;261;229;490
79118;Sant'Andrea Apostolo dello Ionio;863;828;1691
60066;Sant'Andrea del Garigliano;622;641;1263
64089;Sant'Andrea di Conza;658;683;1341
111069;Sant'Andrea Frius;858;801;1659
62071;Sant'Angelo a Cupolo;1983;2006;3989
65128;Sant'Angelo a Fasanella;238;260;498
64090;Sant'Angelo all'Esca;342;346;688
64091;Sant'Angelo a Scala;385;287;672
61086;Sant'Angelo d'Alife;991;1056;2047
64092;Sant'Angelo dei Lombardi;1932;1851;3783
94046;Sant'Angelo del Pesco;157;143;300
83088;Sant'Angelo di Brolo;1290;1335;2625
28082;Sant'Angelo di Piove di Sacco;3632;3715;7347
43048;Sant'Angelo in Pontano;592;627;1219
41057;Sant'Angelo in Vado;1965;1940;3905
76079;Sant'Angelo Le Fratte;651;642;1293
70073;Sant'Angelo Limosano;149;149;298
98050;Sant'Angelo Lodigiano;6857;6720;13577
18144;Sant'Angelo Lomellina;413;390;803
84039;Sant'Angelo Muxaro;539;580;1119
58098;Sant'Angelo Romano;2535;2531;5066
81019;Santa Ninfa;2292;2421;4713
111070;Sant'Anna Arresi;1328;1298;2626
23078;Sant'Anna d'Alfaedo;1446;1214;2660
63073;Sant'Antimo;15908;16608;32516
111071;Sant'Antioco;5097;5307;10404
1256;Sant'Antonino di Susa;1963;2110;4073
63074;Sant'Antonio Abate;9336;9430;18766
90085;Sant'Antonio di Gallura;706;726;1432
64093;Santa Paolina;559;566;1125
60067;Sant'Apollinare;858;907;1765
76080;Sant'Arcangelo;2989;2933;5922
99018;Santarcangelo di Romagna;10965;11401;22366
62078;Sant'Arcangelo Trimonte;232;228;460
61087;Sant'Arpino;7746;7821;15567
65129;Sant'Arsenio;1277;1362;2639
101022;Santa Severina;907;922;1829
40043;Santa Sofia;2016;2017;4033
78133;Santa Sofia d'Epiro;1010;1071;2081
83089;Santa Teresa di Riva;4395;4738;9133
90063;Santa Teresa Gallura;2598;2546;5144
87048;Santa Venerina;4150;4337;8487
4212;Santa Vittoria d'Alba;1473;1455;2928
109036;Santa Vittoria in Matenano;530;579;1109
67038;Sant'Egidio alla Vibrata;4913;5000;9913
65130;Sant'Egidio del Monte Albino;3784;3899;7683
28083;Sant'Elena;1225;1289;2514
94047;Sant'Elena Sannita;179;119;298
70074;Sant'Elia a Pianisi;717;763;1480
60068;Sant'Elia Fiumerapido;2768;2781;5549
109037;Sant'Elpidio a Mare;8129;8196;16325
66089;Sante Marie;540;513;1053
1257;Santena;5139;5234;10373
83090;San Teodoro;559;626;1185
90092;San Teodoro;2657;2567;5224
72041;Santeramo in Colle;12634;12944;25578
68037;Sant'Eufemia a Maiella;123;110;233
80081;Sant'Eufemia d'Aspromonte;1772;1853;3625
69085;Sant'Eusanio del Sangro;1080;1144;2224
66090;Sant'Eusanio Forconese;184;180;364
2133;Santhià;3862;4162;8024
59026;Santi Cosma e Damiano;3390;3488;6878
80082;Sant'Ilario dello Ionio;655;653;1308
35039;Sant'Ilario d'Enza;5671;5752;11423
41058;Sant'Ippolito;763;743;1506
10055;Sant'Olcese;2759;2804;5563
25049;San Tomaso Agordino;300;293;593
65131;Santomenna;190;178;368
67039;Sant'Omero;2493;2584;5077
16252;Sant'Omobono Terme;2003;1950;3953
102036;Sant'Onofrio;1323;1332;2655
60069;Santopadre;591;584;1175
58099;Sant'Oreste;1707;1691;3398
24095;Santorso;2797;2836;5633
22168;Sant'Orsola Terme;576;565;1141
8056;Santo Stefano al Mare;999;985;1984
4213;Santo Stefano Belbo;1842;1844;3686
10056;Santo Stefano d'Aveto;500;464;964
64095;Santo Stefano del Sole;1022;1024;2046
25050;Santo Stefano di Cadore;1081;1195;2276
83091;Santo Stefano di Camastra;2070;2255;4325
11026;Santo Stefano di Magra;5067;4937;10004
78134;Santo Stefano di Rogliano;862;874;1736
66091;Santo Stefano di Sessanio;49;53;102
80083;Santo Stefano in Aspromonte;525;476;1001
98051;Santo Stefano Lodigiano;939;913;1852
84040;Santo Stefano Quisquina;1873;1981;3854
4214;Santo Stefano Roero;695;651;1346
15200;Santo Stefano Ticino;2449;2534;4983
95049;Santu Lussurgiu;1084;1066;2150
28084;Sant'Urbano;969;945;1914
68038;San Valentino in Abruzzo Citeriore;861;927;1788
65132;San Valentino Torio;5491;5503;10994
55030;San Venanzo;1104;1018;2122
26076;San Vendemiano;4758;4922;9680
95050;San Vero Milis;1212;1202;2414
49018;San Vincenzo;2997;3345;6342
78135;San Vincenzo La Costa;947;983;1930
66092;San Vincenzo Valle Roveto;974;1039;2013
63075;San Vitaliano;3212;3368;6580
111066;San Vito;1709;1700;3409
93041;San Vito al Tagliamento;7519;7774;15293
30105;San Vito al Torre;616;607;1223
69086;San Vito Chietino;2513;2545;5058
74017;San Vito dei Normanni;8639;9154;17793
25051;San Vito di Cadore;914;1011;1925
30106;San Vito di Fagagna;814;854;1668
24096;San Vito di Leguzzano;1746;1756;3502
81020;San Vito Lo Capo;2456;2409;4865
58100;San Vito Romano;1573;1439;3012
79122;San Vito sullo Ionio;741;795;1536
60070;San Vittore del Lazio;1184;1155;2339
15201;San Vittore Olona;4138;4312;8450
65133;Sanza;1166;1147;2313
22169;Sanzeno;458;442;900
23079;San Zeno di Montagna;797;747;1544
17173;San Zeno Naviglio;2318;2415;4733
15202;San Zenone al Lambro;2324;2184;4508
18145;San Zenone al Po;298;278;576
26077;San Zenone degli Ezzelini;3774;3544;7318
28085;Saonara;5389;5488;10877
83092;Saponara;1793;1827;3620
30189;Sappada;650;651;1301
65134;Sapri;2961;3300;6261
78136;Saracena;1620;1614;3234
58101;Saracinesco;99;78;177
24097;Sarcedo;2649;2650;5299
76081;Sarconi;738;683;1421
111072;Sardara;1839;1872;3711
6157;Sardigliano;178;197;375
24098;Sarego;3504;3364;6868
21086;Sarentino/Sarntal;3685;3597;7282
6158;Sarezzano;552;544;1096
17174;Sarezzo;6650;6659;13309
33042;Sarmato;1630;1478;3108
26078;Sarmede;1479;1481;2960
43049;Sarnano;1531;1527;3058
16193;Sarnico;3347;3511;6858
65135;Sarno;15367;15570;30937
22170;Sarnonico;388;395;783
12119;Saronno;18591;20221;38812
7066;Sarre;2359;2467;4826
92066;Sarroch;2490;2490;4980
40044;Sarsina;1660;1627;3287
52031;Sarteano;2186;2308;4494
18146;Sartirana Lomellina;722;769;1491
91077;Sarule;702;748;1450
11027;Sarzana;10532;11194;21726
65136;Sassano;2278;2402;4680
90064;Sassari;58292;61939;120231
9055;Sassello;862;838;1700
49019;Sassetta;278;276;554
62072;Sassinoro;296;310;606
41071;Sassocorvaro Auditore;2494;2381;4875
76082;Sasso di Castalda;372;349;721
99031;Sassofeltrio;667;712;1379
42044;Sassoferrato;3323;3474;6797
37057;Sasso Marconi;7155;7674;14829
36040;Sassuolo;20433;20690;41123
79123;Satriano;1649;1722;3371
76083;Satriano di Lucania;1174;1071;2245
30107;Sauris;185;190;375
1258;Sauze di Cesana;125;102;227
1259;Sauze d'Oulx;532;486;1018
73026;Sava;7334;7699;15033
101023;Savelli;519;486;1005
63076;Saviano;7916;8147;16063
4215;Savigliano;10675;11086;21761
64096;Savignano Irpino;515;495;1010
36041;Savignano sul Panaro;4761;4830;9591
40045;Savignano sul Rubicone;9015;9132;18147
10057;Savignone;1484;1516;3000
17175;Saviore dell'Adamello;393;394;787
83093;Savoca;834;915;1749
30108;Savogna;181;168;349
31022;Savogna d'Isonzo-Sovodnje ob Soči;867;811;1678
76084;Savoia di Lucania;499;460;959
9056;Savona;27815;30606;58421
68039;Scafa;1625;1763;3388
65137;Scafati;23270;24304;47574
4216;Scagnello;74;92;166
65138;Scala;781;726;1507
78137;Scala Coeli;356;378;734
18147;Scaldasole;414;439;853
78138;Scalea;5891;5901;11792
1260;Scalenghe;1630;1569;3199
83094;Scaletta Zanclea;897;964;1861
64097;Scampitella;476;505;981
101024;Scandale;1404;1452;2856
35040;Scandiano;12649;13330;25979
48041;Scandicci;23547;25588;49135
19092;Scandolara Ravara;644;593;1237
19093;Scandolara Ripa d'Oglio;266;239;505
57064;Scandriglia;1833;1514;3347
66093;Scanno;814;848;1662
95051;Scano di Montiferro;664;696;1360
53023;Scansano;2334;2026;4360
77031;Scanzano Jonico;3760;3715;7475
16194;Scanzorosciate;4979;5189;10168
94048;Scapoli;280;279;559
53024;Scarlino;1857;1823;3680
1261;Scarmagno;390;395;785
4217;Scarnafigi;1078;1009;2087
48053;Scarperia e San Piero;5921;6022;11943
21087;Scena/Schenna;1538;1531;3069
69087;Scerni;1438;1463;2901
54046;Scheggia e Pascelupo;621;610;1231
54047;Scheggino;217;205;422
69088;Schiavi di Abruzzo;302;314;616
24099;Schiavon;1336;1265;2601
13211;Schignano;457;411;868
16195;Schilpario;573;563;1136
24100;Schio;19283;19706;38989
20060;Schivenoglia;601;534;1135
84041;Sciacca;18633;19754;38387
82068;Sciara;1192;1232;2424
88011;Scicli;13393;13527;26920
80084;Scido;382;415;797
78139;Scigliano;539;556;1095
80085;Scilla;2158;2247;4405
82081;Scillato;264;300;564
1262;Sciolze;718;706;1424
63077;Scisciano;3168;3203;6371
82069;Sclafani Bagni;170;174;344
66094;Scontrone;283;252;535
2134;Scopa;190;191;381
2135;Scopello;205;183;388
66095;Scoppito;1920;1889;3809
87049;Scordia;7967;7918;15885
75073;Scorrano;3174;3368;6542
27037;Scorzè;9478;9518;18996
66096;Scurcola Marsicana;1352;1348;2700
22171;Scurelle;688;693;1381
5103;Scurzolengo;268;254;522
8057;Seborga;143;143;286
66097;Secinaro;162;140;302
75074;Seclì;852;932;1784
98052;Secugnago;986;1015;2001
30109;Sedegliano;1859;1836;3695
25053;Sedico;4989;5145;10134
95052;Sedilo;961;958;1919
90065;Sedini;573;610;1183
15204;Sedriano;6530;6558;13088
16196;Sedrina;1187;1174;2361
43050;Sefro;238;187;425
111073;Segariu;536;538;1074
53025;Seggiano;566;488;1054
58102;Segni;4429;4532;8961
22172;Segonzano;703;705;1408
15205;Segrate;17861;19333;37194
26079;Segusino;914;890;1804
92068;Selargius;13599;14673;28272
57065;Selci;562;555;1117
111074;Selegas;616;637;1253
22246;Sella Giudicarie;1510;1475;2985
54048;Sellano;465;453;918
17176;Sellero;690;690;1380
79126;Sellia;216;236;452
79127;Sellia Marina;3985;3813;7798
21088;Selva dei Molini/Mühlwald;706;661;1367
25054;Selva di Cadore;254;250;504
23080;Selva di Progno;488;433;921
21089;Selva di Val Gardena/Wolkenstein in Gröden;1288;1342;2630
28086;Selvazzano Dentro;11074;11857;22931
16197;Selvino;993;968;1961
90066;Semestene;58;69;127
18148;Semiana;97;95;192
80086;Seminara;1223;1250;2473
53028;Semproniano;505;517;1022
15206;Senago;10715;11039;21754
21118;Senale-San Felice/Unsere Liebe Frau im Walde-St. Felix;422;392;814
21091;Senales/Schnals;639;595;1234
95053;Seneghe;782;795;1577
64098;Senerchia;391;317;708
17177;Seniga;745;702;1447
42045;Senigallia;21111;22697;43808
95054;Senis;170;199;369
76085;Senise;3198;3162;6360
13212;Senna Comasco;1570;1604;3174
98053;Senna Lodigiana;928;885;1813
95055;Sennariolo;77;76;153
90067;Sennori;3299;3358;6657
111075;Senorbì;2407;2403;4810
70075;Sepino;956;859;1815
93042;Sequals;1092;1120;2212
46028;Seravezza;5856;6428;12284
111076;Serdiana;1322;1321;2643
108039;Seregno;21824;23416;45240
25055;Seren del Grappa;1179;1144;2323
19094;Sergnano;1770;1690;3460
16198;Seriate;12857;13000;25857
16199;Serina;1096;1011;2107
64099;Serino;3288;3275;6563
17178;Serle;1551;1575;3126
20061;Sermide e Felonica;3578;3462;7040
59027;Sermoneta;5025;4926;9951
26080;Sernaglia della Battaglia;3098;3047;6145
14059;Sernio;253;247;500
5104;Serole;48;48;96
71053;Serracapriola;1746;1782;3528
78140;Serra d'Aiello;285;236;521
42046;Serra de' Conti;1726;1789;3515
85018;Serradifalco;2536;2806;5342
4218;Serralunga d'Alba;248;236;484
6159;Serralunga di Crea;261;249;510
111077;Serramanna;4155;4233;8388
36042;Serramazzoni;4611;4369;8980
65139;Serramezzana;138;134;272
68040;Serramonacesca;262;231;493
43051;Serrapetrona;428;420;848
63078;Serrara Fontana;1502;1563;3065
10058;Serra Riccò;3757;3816;7573
102037;Serra San Bruno;3150;3102;6252
42047;Serra San Quirico;1202;1267;2469
41061;Serra Sant'Abbondio;431;415;846
79129;Serrastretta;1429;1449;2878
80087;Serrata;387;401;788
20062;Serravalle a Po;745;729;1474
43052;Serravalle di Chienti;553;482;1035
4219;Serravalle Langhe;172;152;324
47020;Serravalle Pistoiese;5840;5990;11830
6160;Serravalle Scrivia;3052;2952;6004
2137;Serravalle Sesia;2265;2371;4636
65140;Serre;1869;1802;3671
111078;Serrenti;2233;2192;4425
111079;Serri;292;296;588
60071;Serrone;1478;1457;2935
79130;Sersale;1996;2091;4087
109038;Servigliano;1129;1076;2205
61088;Sessa Aurunca;9875;10160;20035
65141;Sessa Cilento;549;580;1129
5105;Sessame;110;112;222
94049;Sessano del Molise;305;359;664
11028;Sesta Godano;656;607;1263
51035;Sestino;596;554;1150
93043;Sesto al Reghena;3186;3113;6299
12120;Sesto Calende;5280;5718;10998
94050;Sesto Campano;1078;1056;2134
19095;Sesto ed Uniti;1660;1626;3286
48043;Sesto Fiorentino;23533;25704;49237
36043;Sestola;1203;1198;2401
15209;Sesto San Giovanni;38252;40598;78850
21092;Sesto/Sexten;897;902;1799
1263;Sestriere;482;411;893
10059;Sestri Levante;8156;8932;17088
92074;Sestu;10358;10272;20630
15210;Settala;3781;3666;7447
60072;Settefrati;346;354;700
25075;Setteville;3054;2898;5952
5106;Settime;267;264;531
15211;Settimo Milanese;9713;10289;20002
1264;Settimo Rottaro;224;245;469
92075;Settimo San Pietro;3456;3512;6968
1265;Settimo Torinese;22221;23345;45566
1266;Settimo Vittone;762;745;1507
79131;Settingiano;1686;1606;3292
111080;Setzu;65;62;127
111081;Seui;587;550;1137
111082;Seulo;404;341;745
108040;Seveso;11802;12180;23982
6161;Sezzadio;590;595;1185
59028;Sezze;12114;11652;23766
22173;Sfruz;189;194;383
32005;Sgonico-Zgonik;957;991;1948
60073;Sgurgola;1177;1203;2380
95056;Siamaggiore;421;427;848
95057;Siamanna;370;365;735
65142;Siano;4545;4681;9226
95076;Siapiccia;166;168;334
65143;Sicignano degli Alburni;1539;1518;3057
84042;Siculiana;2126;2061;4187
111083;Siddi;270;271;541
80088;Siderno;8648;8971;17619
52032;Siena;24914;28266;53180
54049;Sigillo;1097;1185;2282
48044;Signa;9345;9645;18990
21093;Silandro/Schlanders;3217;3191;6408
91083;Silanus;927;964;1891
26081;Silea;5083;5376;10459
90068;Siligo;378;356;734
111084;Siliqua;1732;1736;3468
111085;Silius;532;455;987
46037;Sillano Giuncugnano;466;499;965
3138;Sillavengo;293;283;576
6162;Silvano d'Orba;916;923;1839
18149;Silvano Pietra;314;308;622
67040;Silvi;7606;7872;15478
95058;Simala;140;141;281
95059;Simaxis;1065;1055;2120
102038;Simbario;460;450;910
79133;Simeri Crichi;2309;2380;4689
83095;Sinagra;1204;1214;2418
52033;Sinalunga;5923;6170;12093
91084;Sindia;748;810;1558
95060;Sini;301;219;520
4220;Sinio;235;236;471
91085;Siniscola;5622;5517;11139
92080;Sinnai;8750;8697;17447
80089;Sinopoli;900;898;1798
89017;Siracusa;56764;58751;115515
64100;Sirignano;1440;1501;2941
95061;Siris;127;100;227
17179;Sirmione;4039;4415;8454
42048;Sirolo;1945;2145;4090
97075;Sirone;1167;1166;2333
97076;Sirtori;1405;1385;2790
34049;Sissa Trecasali;4001;3994;7995
111086;Siurgus Donigala;907;913;1820
18150;Siziano;3445;3476;6921
3139;Sizzano;651;669;1320
21094;Sluderno/Schluderns;952;942;1894
109039;Smerillo;169;161;330
23081;Soave;3549;3577;7126
30110;Socchieve;435;411;846
95078;Soddì;54;61;115
40046;Sogliano al Rubicone;1568;1577;3145
75075;Sogliano Cavour;1895;1915;3810
5107;Soglio;61;67;128
17180;Soiano del Lago;979;974;1953
24101;Solagna;911;919;1830
89018;Solarino;3694;3816;7510
15213;Solaro;7116;7144;14260
39018;Solarolo;2224;2237;4461
19096;Solarolo Rainerio;465;456;921
95062;Solarussa;1098;1093;2191
12121;Solbiate Arno;1980;2067;4047
13255;Solbiate con Cagno;2276;2362;4638
12122;Solbiate Olona;2664;2713;5377
8058;Soldano;493;474;967
111087;Soleminis;958;944;1902
6163;Solero;794;787;1581
28087;Solesino;3355;3357;6712
75076;Soleto;2455;2631;5086
20063;Solferino;1307;1332;2639
36044;Soliera;7686;7774;15460
34035;Solignano;869;795;1664
64101;Solofra;5904;6017;11921
6164;Solonghello;100;96;196
62073;Solopaca;1606;1770;3376
16200;Solto Collina;943;893;1836
16251;Solza;1031;978;2009
98054;Somaglia;1942;1922;3864
4221;Somano;162;160;322
23082;Sommacampagna;7222;7258;14480
12123;Somma Lombardo;8892;9039;17931
4222;Sommariva del Bosco;3123;3149;6272
4223;Sommariva Perno;1310;1365;2675
85019;Sommatino;2954;3266;6220
63079;Somma Vesuviana;16189;17036;33225
18151;Sommo;572;545;1117
23083;Sona;8834;8927;17761
19097;Soncino;3780;3774;7554
14060;Sondalo;1922;1937;3859
14061;Sondrio;10222;11273;21495
16201;Songavazzo;380;352;732
17181;Sonico;597;589;1186
59029;Sonnino;3715;3750;7465
60074;Sora;12257;12415;24672
22176;Soraga di Fassa;364;350;714
34036;Soragna;2417;2380;4797
53026;Sorano;1474;1509;2983
34051;Sorbolo Mezzani;6568;6607;13175
79134;Sorbo San Basile;352;356;708
64102;Sorbo Serpico;265;247;512
96063;Sordevolo;623;637;1260
98055;Sordio;1758;1686;3444
19098;Soresina;4689;4617;9306
23084;Sorgà;1564;1415;2979
91086;Sorgono;723;711;1434
10060;Sori;1905;1988;3893
102039;Sorianello;547;521;1068
102040;Soriano Calabro;1377;1406;2783
56048;Soriano nel Cimino;3872;4016;7888
13216;Sorico;634;609;1243
3140;Soriso;347;375;722
16202;Sorisole;4343;4414;8757
13217;Sormano;395;297;692
95063;Sorradile;162;171;333
63080;Sorrento;7180;7769;14949
90069;Sorso;7289;7105;14394
89019;Sortino;3947;4030;7977
19099;Sospiro;1569;1472;3041
25056;Sospirolo;1554;1576;3130
24102;Sossano;2112;2024;4136
96064;Sostegno;353;379;732
16203;Sotto il Monte Giovanni XXIII;2255;2176;4431
22177;Sover;415;392;807
79137;Soverato;3929;4480;8409
16204;Sovere;2621;2689;5310
79138;Soveria Mannelli;1314;1419;2733
79139;Soveria Simeri;686;727;1413
25057;Soverzene;177;185;362
52034;Sovicille;4771;5073;9844
108041;Sovico;4070;4243;8313
24128;Sovizzo;4099;4114;8213
25058;Sovramonte;636;651;1287
3141;Sozzago;540;565;1105
83096;Spadafora;2241;2361;4602
102041;Spadola;403;392;795
61089;Sparanise;3593;3706;7299
1267;Sparone;442;461;903
75077;Specchia;2151;2302;4453
54050;Spello;3965;4243;8208
86017;Sperlinga;316;323;639
59030;Sperlonga;1488;1502;2990
64103;Sperone;1770;1857;3627
18152;Spessa;271;296;567
78142;Spezzano Albanese;3170;3218;6388
78143;Spezzano della Sila;2237;2067;4304
22179;Spiazzo;633;642;1275
6165;Spigno Monferrato;446;441;887
59031;Spigno Saturnia;1362;1483;2845
36045;Spilamberto;6471;6497;12968
93044;Spilimbergo;5805;5994;11799
102042;Spilinga;680;665;1345
19100;Spinadesco;741;744;1485
110008;Spinazzola;2853;2941;5794
27038;Spinea;13503;14430;27933
19101;Spineda;295;313;608
70076;Spinete;571;557;1128
44071;Spinetoli;3505;3654;7159
6166;Spineto Scrivia;184;172;356
19102;Spino d'Adda;3497;3516;7013
16205;Spinone al Lago;499;507;1006
76086;Spinoso;635;624;1259
16206;Spirano;2923;2814;5737
54051;Spoleto;17431;18444;35875
68041;Spoltore;9227;9697;18924
75078;Spongano;1639;1760;3399
22180;Spormaggiore;694;599;1293
22181;Sporminore;365;357;722
9057;Spotorno;1589;1725;3314
26082;Spresiano;6171;6229;12400
14062;Spriana;41;44;85
79142;Squillace;1803;1797;3600
75079;Squinzano;6396;6839;13235
42049;Staffolo;1056;1093;2149
19103;Stagno Lombardo;712;690;1402
80090;Staiti;82;79;161
79143;Stalettì;1228;1166;2394
28088;Stanghella;2065;2100;4165
31023;Staranzano;3539;3591;7130
73029;Statte;6070;6470;12540
6167;Stazzano;1096;1163;2259
46030;Stazzema;1405;1378;2783
13218;Stazzona;304;289;593
102043;Stefanaconi;1123;1125;2248
9058;Stella;1500;1445;2945
65144;Stella Cilento;304;308;612
9059;Stellanello;416;390;806
21095;Stelvio/Stilfs;598;581;1179
22182;Stenico;626;560;1186
75080;Sternatia;970;1102;2072
16207;Stezzano;6847;7057;13904
29045;Stienta;1503;1516;3019
77027;Stigliano;1610;1759;3369
80091;Stignano;596;547;1143
80092;Stilo;1179;1127;2306
57066;Stimigliano;1095;1110;2205
90089;Stintino;813;754;1567
65145;Stio;369;390;759
71054;Stornara;2937;2841;5778
71055;Stornarella;2681;2721;5402
22183;Storo;2200;2295;4495
27039;Stra;3699;3807;7506
18153;Stradella;5749;5980;11729
1268;Strambinello;116;120;236
1269;Strambino;2932;3086;6018
60075;Strangolagalli;1107;1146;2253
30111;Stregna;160;129;289
22184;Strembo;294;277;571
103064;Stresa;2174;2374;4548
6168;Strevi;978;962;1940
63081;Striano;4663;4603;9266
96065;Strona;462;479;941
55031;Stroncone;2339;2267;4606
101025;Strongoli;2990;3123;6113
2142;Stroppiana;603;596;1199
4224;Stroppo;54;48;102
16208;Strozza;559;534;1093
64104;Sturno;1324;1380;2704
18154;Suardi;293;280;573
51037;Subbiano;3273;3132;6405
58103;Subiaco;4234;4293;8527
61090;Succivo;4432;4486;8918
97077;Sueglio;83;74;157
111088;Suelli;533;516;1049
97078;Suello;835;869;1704
16209;Suisio;1946;1839;3785
108042;Sulbiate;2301;2231;4532
66098;Sulmona;10507;11103;21610
17182;Sulzano;978;963;1941
12124;Sumirago;2942;3036;5978
64105;Summonte;735;734;1469
95087;Suni;465;503;968
3143;Suno;1310;1352;2662
75081;Supersano;2020;2016;4036
60076;Supino;2268;2289;4557
75082;Surano;715;759;1474
75083;Surbo;7046;7435;14481
1270;Susa;2747;3029;5776
26083;Susegana;5873;5825;11698
20064;Sustinente;996;990;1986
85020;Sutera;514;582;1096
56049;Sutri;3382;3382;6764
30112;Sutrio;587;604;1191
49020;Suvereto;1436;1466;2902
20065;Suzzara;10730;10588;21318
97079;Taceno;312;283;595
95064;Tadasuni;67;58;125
8059;Taggia;6672;7286;13958
66099;Tagliacozzo;3181;3236;6417
29046;Taglio di Po;3893;3943;7836
6169;Tagliolo Monferrato;721;739;1460
25059;Taibon Agordino;866;844;1710
12125;Taino;1771;1783;3554
30113;Taipana;271;258;529
99027;Talamello;521;560;1081
14063;Talamona;2291;2291;4582
91088;Talana;437;476;913
16210;Taleggio;291;246;537
51038;Talla;505;459;964
30114;Talmassons;1897;1924;3821
25060;Tambre;644;617;1261
83097;Taormina;5134;5342;10476
57067;Tarano;681;688;1369
69089;Taranta Peligna;157;144;301
4225;Tarantasca;1142;1077;2219
73027;Taranto;89179;95933;185112
30116;Tarcento;4303;4583;8886
56050;Tarquinia;7751;8111;15862
78145;Tarsia;928;890;1818
14064;Tartano;109;89;198
30117;Tarvisio;1949;1901;3850
26084;Tarzo;2036;2083;4119
6170;Tassarolo;304;290;594
64106;Taurano;685;720;1405
64107;Taurasi;1012;1044;2056
80093;Taurianova;7153;7490;14643
75084;Taurisano;5342;5717;11059
30118;Tavagnacco;6972;7611;14583
1271;Tavagnasco;362;385;747
98056;Tavazzano con Villavesco;3056;3042;6098
70077;Tavenna;254;291;545
79146;Taverna;1246;1219;2465
13222;Tavernerio;2746;2840;5586
16211;Tavernola Bergamasca;963;955;1918
17183;Tavernole sul Mella;614;586;1200
75085;Taviano;5441;5922;11363
96066;Tavigliano;443;441;884
41064;Tavoleto;414;417;831
41065;Tavullia;4045;3973;8018
76087;Teana;237;262;499
61091;Teano;5378;5573;10951
65146;Teggiano;3329;3638;6967
14065;Teglio;2331;2352;4683
27040;Teglio Veneto;1133;1091;2224
62074;Telese Terme;3606;4001;7607
16212;Telgate;2644;2381;5025
90080;Telti;1143;1138;2281
22188;Telve;952;986;1938
22189;Telve di Sopra;324;294;618
90070;Tempio Pausania;6412;6466;12878
17184;Temù;590;564;1154
22190;Tenna;536;527;1063
22191;Tenno;1004;1050;2054
28089;Teolo;4392;4538;8930
64108;Teora;709;715;1424
67041;Teramo;25033;26367;51400
3144;Terdobbiate;238;224;462
60077;Terelle;133;130;263
21096;Terento/Terenten;954;883;1837
34038;Terenzo;584;554;1138
90086;Tergu;295;317;612
21097;Terlano/Terlan;2539;2478;5017
72043;Terlizzi;12909;13049;25958
21098;Termeno sulla strada del vino/Tramin an der Weinstraße;1689;1704;3393
83106;Terme Vigliatore;3632;3731;7363
82070;Termini Imerese;12018;12607;24625
70078;Termoli;15342;16412;31754
12126;Ternate;1260;1296;2556
96067;Ternengo;130;134;264
55032;Terni;51087;55185;106272
16213;Terno d'Isola;4026;3950;7976
59032;Terracina;22854;22201;45055
22193;Terragnolo;375;328;703
95065;Terralba;4872;4678;9550
78146;Terranova da Sibari;2222;2219;4441
98057;Terranova dei Passerini;485;467;952
76088;Terranova di Pollino;461;490;951
80094;Terranova Sappo Minulio;202;200;402
51039;Terranuova Bracciolini;6003;6132;12135
82071;Terrasini;6490;6636;13126
28090;Terrassa Padovana;1391;1325;2716
78147;Terravecchia;265;288;553
23085;Terrazzo;1064;1079;2143
22251;Terre d'Adige;1602;1526;3128
38028;Terre del Reno;5176;5281;10457
41070;Terre Roveresche;2636;2546;5182
50036;Terricciola;2150;2223;4373
6171;Terruggia;406;454;860
91089;Tertenia;1911;1923;3834
63082;Terzigno;8802;8571;17373
6172;Terzo;406;411;817
30120;Terzo d'Aquileia;1320;1385;2705
22195;Terzolas;314;330;644
8060;Terzorio;109;105;214
22196;Tesero;1515;1481;2996
21099;Tesimo/Tisens;1060;1023;2083
56051;Tessennano;144;139;283
9060;Testico;86;87;173
91090;Teti;301;260;561
111089;Teulada;1631;1525;3156
61092;Teverola;7377;7666;15043
24104;Tezze sul Brenta;6503;6496;12999
24105;Thiene;11952;12378;24330
90071;Thiesi;1329;1306;2635
91091;Tiana;210;208;418
19104;Ticengo;228;227;455
6173;Ticineto;624;673;1297
75086;Tiggiano;1431;1394;2825
10061;Tiglieto;251;225;476
5108;Tigliole;890;849;1739
17185;Tignale;562;596;1158
95088;Tinnura;119;123;242
66100;Tione degli Abruzzi;125;118;243
22199;Tione di Trento;1876;1896;3772
14066;Tirano;4267;4582;8849
21100;Tires/Tiers;492;544;1036
79147;Tiriolo;1724;1737;3461
21101;Tirolo/Tirol;1241;1252;2493
90072;Tissi;1181;1171;2352
76089;Tito;3470;3532;7002
58104;Tivoli;27396;27925;55321
34039;Tizzano Val Parma;1147;1079;2226
35041;Toano;2161;2028;4189
62075;Tocco Caudio;746;713;1459
68042;Tocco da Casauria;1167;1158;2325
103065;Toceno;397;368;765
54052;Todi;7495;7937;15432
57068;Toffia;531;519;1050
9061;Toirano;1329;1395;2724
43053;Tolentino;8475;8964;17439
58105;Tolfa;2378;2313;4691
96068;Tollegno;1122;1220;2342
69090;Tollo;1923;1945;3868
30121;Tolmezzo;4599;5039;9638
76090;Tolve;1431;1412;2843
28091;Tombolo;4059;4125;8184
22200;Ton;682;624;1306
91093;Tonara;957;849;1806
5109;Tonco;394;368;762
24106;Tonezza del Cimone;253;258;511
61093;Tora e Piccilli;357;378;735
78148;Torano Castello;2134;2121;4255
67042;Torano Nuovo;712;728;1440
17186;Torbole Casaglia;3258;3230;6488
22202;Torcegno;347;357;704
65147;Torchiara;940;968;1908
74018;Torchiarolo;2639;2647;5286
64109;Torella dei Lombardi;947;998;1945
70079;Torella del Sannio;343;333;676
54053;Torgiano;3265;3363;6628
7067;Torgnon;317;260;577
1272;Torino;414118;441536;855654
69091;Torino di Sangro;1499;1426;2925
72044;Toritto;3901;4052;7953
19105;Torlino Vimercati;229;222;451
3146;Tornaco;430;446;876
69092;Tornareccio;817;823;1640
19106;Tornata;223;177;400
66101;Tornimparte;1395;1334;2729
13223;Torno;503;527;1030
34040;Tornolo;447;399;846
70080;Toro;604;605;1209
91094;Torpè;1432;1325;2757
65148;Torraca;608;606;1214
90073;Torralba;420;434;854
18155;Torrazza Coste;802;800;1602
1273;Torrazza Piemonte;1462;1535;2997
96069;Torrazzo;99;93;192
63083;Torre Annunziata;18924;20572;39496
30122;Torreano;1003;1040;2043
24107;Torrebelvicino;2996;2864;5860
18156;Torre Beretti e Castellaro;253;236;489
16214;Torre Boldone;4181;4540;8721
4226;Torre Bormida;94;96;190
69093;Torrebruna;305;330;635
60078;Torre Cajetani;695;622;1317
1274;Torre Canavese;279;318;597
62076;Torrecuso;1626;1598;3224
18157;Torre d'Arese;501;441;942
16215;Torre de' Busi;1175;1146;2321
63084;Torre del Greco;38003;40836;78839
18158;Torre de' Negri;156;176;332
68043;Torre de' Passeri;1390;1472;2862
19107;Torre de' Picenardi;1121;1062;2183
16216;Torre de' Roveri;1288;1326;2614
27041;Torre di Mosto;2368;2385;4753
79148;Torre di Ruggiero;437;496;933
14067;Torre di Santa Maria;360;352;712
18159;Torre d'Isola;1242;1255;2497
28092;Torreglia;3008;3021;6029
83098;Torregrotta;3415;3868;7283
64110;Torre Le Nocelle;608;615;1223
71056;Torremaggiore;8165;8118;16283
4227;Torre Mondovì;274;235;509
83108;Torrenova;2185;2298;4483
65149;Torre Orsaia;946;982;1928
16217;Torre Pallavicina;576;578;1154
1275;Torre Pellice;2200;2385;4585
4228;Torre San Giorgio;352;346;698
109040;Torre San Patrizio;905;905;1810
74019;Torre Santa Susanna;4942;5103;10045
4229;Torresina;21;27;48
82072;Torretta;2185;2255;4440
18160;Torrevecchia Pia;1822;1717;3539
69094;Torrevecchia Teatina;2078;2105;4183
60079;Torrice;2311;2337;4648
73028;Torricella;2030;2066;4096
19108;Torricella del Pizzo;302;283;585
57069;Torricella in Sabina;654;629;1283
69095;Torricella Peligna;527;550;1077
67043;Torricella Sicura;1193;1172;2365
18161;Torricella Verzate;387;409;796
23086;Torri del Benaco;1383;1473;2856
24108;Torri di Quartesolo;5841;5976;11817
10062;Torriglia;1098;1138;2236
57070;Torri in Sabina;630;579;1209
34041;Torrile;3913;3796;7709
64111;Torrioni;268;193;461
52035;Torrita di Siena;3424;3518;6942
58106;Torrita Tiberina;567;549;1116
91095;Tortolì;5429;5565;10994
6174;Tortona;12923;13720;26643
78149;Tortora;2864;3055;5919
65150;Tortorella;226;236;462
67044;Tortoreto;5918;6288;12206
83099;Tortorici;2693;2739;5432
30123;Torviscosa;1272;1300;2572
17187;Toscolano-Maderno;3661;3994;7655
67045;Tossicia;582;622;1204
14068;Tovo di Sant'Agata;313;298;611
9062;Tovo San Giacomo;1233;1274;2507
82073;Trabia;5483;5361;10844
12127;Tradate;9505;9596;19101
95066;Tramatza;443;444;887
22203;Trambileno;768;751;1519
65151;Tramonti;2096;2113;4209
93045;Tramonti di Sopra;133;141;274
93046;Tramonti di Sotto;168;167;335
76091;Tramutola;1383;1429;2812
1276;Trana;1834;1910;3744
110009;Trani;27037;27694;54731
14069;Traona;1512;1391;2903
81021;Trapani;26569;28067;54636
82074;Trappeto;1538;1605;3143
103066;Trarego Viggiona;204;179;383
66102;Trasacco;2991;2813;5804
30124;Trasaghis;1027;1033;2060
103067;Trasquera;87;86;173
111090;Tratalias;507;481;988
18162;Travacò Siccomario;2150;2277;4427
17188;Travagliato;6950;7057;14007
12128;Travedona-Monate;1867;2001;3868
1278;Traversella;152;157;309
34042;Traversetolo;4767;4920;9687
1279;Traves;267;238;505
93047;Travesio;889;920;1809
33043;Travo;1081;1084;2165
28093;Trebaseleghe;6524;6444;12968
78150;Trebisacce;4119;4463;8582
63091;Trecase;4177;4345;8522
87050;Trecastagni;5626;5770;11396
42050;Trecastelli;3795;3802;7597
3149;Trecate;10728;10577;21305
76092;Trecchina;968;1086;2054
29047;Trecenta;1274;1331;2605
40049;Tredozio;545;530;1075
69096;Treglio;846;875;1721
23087;Tregnago;2525;2540;5065
43054;Treia;4532;4470;9002
4230;Treiso;379;355;734
87051;Tremestieri Etneo;9116;10056;19172
13252;Tremezzina;2430;2512;4942
17189;Tremosine sul Garda;1078;1063;2141
65152;Trentinara;779;794;1573
22205;Trento;58481;60878;119359
61094;Trentola Ducenta;10260;10637;20897
17190;Trenzano;2811;2745;5556
30126;Treppo Grande;827;897;1724
30191;Treppo Ligosullo;337;317;654
75087;Trepuzzi;6603;7161;13764
52036;Trequanda;555;560;1115
45015;Tresana;947;933;1880
16218;Trescore Balneario;5020;4902;9922
19109;Trescore Cremasco;1435;1481;2916
38030;Tresignana;3368;3588;6956
14070;Tresivio;1020;1018;2038
95067;Tresnuraghes;500;537;1037
23088;Trevenzuolo;1494;1307;2801
54054;Trevi;3916;4053;7969
64112;Trevico;385;404;789
16219;Treviglio;15655;15949;31604
26085;Trevignano;5390;5286;10676
58107;Trevignano Romano;2782;2973;5755
6175;Treville;131;132;263
22247;Tre Ville;671;688;1359
60080;Trevi nel Lazio;893;806;1699
16220;Treviolo;5321;5602;10923
26086;Treviso;41900;44213;86113
17191;Treviso Bresciano;253;269;522
15219;Trezzano Rosa;2736;2708;5444
15220;Trezzano sul Naviglio;10705;11170;21875
13226;Trezzone;119;112;231
15221;Trezzo sull'Adda;6145;6297;12442
4231;Trezzo Tinella;156;133;289
28094;Tribano;2152;2067;4219
15222;Tribiano;1977;1954;3931
10063;Tribogna;307;292;599
77028;Tricarico;2295;2334;4629
75088;Tricase;8205;8733;16938
2147;Tricerro;335;326;661
30127;Tricesimo;3659;3946;7605
91097;Triei;537;523;1060
32006;Trieste;95985;102637;198622
72046;Triggiano;12289;13269;25558
19110;Trigolo;780;868;1648
4232;Trinità;1143;1179;2322
90074;Trinità d'Agultu e Vignola;1388;1191;2579
110010;Trinitapoli;6662;6951;13613
2148;Trino;3354;3406;6760
8061;Triora;224;195;419
83100;Tripi-Abakainon;334;370;704
6176;Trisobbio;311;310;621
24110;Trissino;4342;4309;8651
108043;Triuggio;4412;4364;8776
70081;Trivento;2143;2155;4298
60081;Trivigliano;787;807;1594
30128;Trivignano Udinese;755;759;1514
76093;Trivigno;282;311;593
18163;Trivolzio;1266;1228;2494
21102;Trodena nel parco naturale/Truden im Naturpark;532;536;1068
1280;Trofarello;5133;5368;10501
71058;Troia;3141;3350;6491
86018;Troina;3980;4221;8201
18164;Tromello;1864;1908;3772
103068;Trontano;831;836;1667
12129;Tronzano Lago Maggiore;107;114;221
2150;Tronzano Vercellese;1610;1661;3271
102044;Tropea;2725;2943;5668
18165;Trovo;519;481;1000
15224;Truccazzano;2982;2828;5810
21103;Tubre/Taufers im Münstertal;462;499;961
70082;Tufara;376;372;748
69097;Tufillo;144;163;307
63085;Tufino;1671;1679;3350
64113;Tufo;381;376;757
75089;Tuglie;2457;2561;5018
111091;Tuili;432;450;882
90075;Tula;724;701;1425
54055;Tuoro sul Trasimeno;1869;1924;3793
57071;Turania;134;99;233
98058;Turano Lodigiano;805;771;1576
13227;Turate;4982;4929;9911
15226;Turbigo;3603;3673;7276
72047;Turi;6329;6643;12972
111092;Turri;190;185;375
31024;Turriaco;1374;1410;2784
68044;Turrivalignani;393;392;785
77029;Tursi;2333;2326;4659
83101;Tusa;1242;1238;2480
56052;Tuscania;3898;4190;8088
16221;Ubiale Clanezzo;666;650;1316
12130;Uboldo;5671;5468;11139
83102;Ucria;402;439;841
30129;Udine;46784;51717;98501
75090;Ugento;5780;6143;11923
75091;Uggiano la Chiesa;2070;2252;4322
13256;Uggiate con Ronago;3375;3450;6825
91098;Ulassai;659;706;1365
95068;Ulà Tirso;215;232;447
21104;Ultimo/Ulten;1462;1459;2921
54056;Umbertide;7956;8251;16207
101026;Umbriatico;340;345;685
17192;Urago d'Oglio;1992;1837;3829
95069;Uras;1269;1329;2598
28095;Urbana;1030;986;2016
41066;Urbania;3400;3488;6888
9063;Urbe;345;306;651
41067;Urbino;6942;6926;13868
43055;Urbisaglia;1178;1185;2363
16222;Urgnano;5173;4967;10140
90076;Uri;1447;1375;2822
70083;Ururi;1125;1196;2321
91099;Urzulei;511;513;1024
10064;Uscio;1029;1089;2118
95070;Usellus;339;325;664
90077;Usini;2070;2050;4120
108044;Usmate Velate;5338;5402;10740
111093;Ussana;1986;2011;3997
111094;Ussaramanna;238;228;466
91100;Ussassai;223;209;432
1281;Usseaux;88;89;177
1282;Usseglio;97;82;179
43056;Ussita;163;169;332
82075;Ustica;674;649;1323
92090;Uta;4554;4345;8899
47021;Uzzano;2743;2903;5646
78152;Vaccarizzo Albanese;493;517;1010
57072;Vacone;108;106;214
69098;Vacri;734;737;1471
21105;Vadena/Pfatten;593;504;1097
9064;Vado Ligure;3867;4100;7967
48046;Vaglia;2692;2679;5371
76094;Vaglio Basilicata;845;909;1754
5111;Vaglio Serra;131;129;260
46031;Vagli Sotto;412;349;761
100006;Vaiano;4846;5119;9965
19111;Vaiano Cremasco;1813;1779;3592
1283;Vaie;648;669;1317
19112;Vailate;2379;2344;4723
61095;Vairano Patenora;3081;3335;6416
93052;Vajont;807;792;1599
16223;Valbondione;472;469;941
16253;Val Brembilla;2089;2025;4114
16224;Valbrembo;2114;2185;4299
24125;Valbrenta;2507;2360;4867
10065;Valbrevenna;417;337;754
13229;Valbrona;1312;1310;2622
1318;Valchiusa;495;517;1012
24111;Valdagno;12636;13165;25801
22232;Valdaone;606;559;1165
21106;Valdaora/Olang;1654;1622;3276
24112;Valdastico;576;610;1186
1284;Val della Torre;2026;1947;3973
96071;Valdengo;1148;1193;2341
81022;Valderice;5627;5612;11239
1317;Val di Chy;639;586;1225
14071;Valdidentro;2095;2012;4107
4233;Valdieri;456;455;911
96088;Valdilana;4829;5051;9880
83103;Valdina;617;629;1246
18166;Val di Nizza;296;275;571
14072;Valdisotto;1774;1755;3529
21107;Val di Vizze/Pfitsch;1571;1536;3107
25073;Val di Zoldo;1349;1359;2708
26087;Valdobbiadene;4837;5035;9872
2152;Valduggia;894;891;1785
18167;Valeggio;104;88;192
23089;Valeggio sul Mincio;7911;8129;16040
56053;Valentano;1473;1381;2854
6177;Valenza;8786;9527;18313
72048;Valenzano;8298;8841;17139
98059;Valera Fratta;873;825;1698
54057;Valfabbrica;1554;1671;3225
5112;Valfenera;1228;1217;2445
22209;Valfloriana;235;242;477
43058;Valfornace;452;431;883
14073;Valfurva;1215;1216;2431
12131;Valganna;801;790;1591
1285;Valgioie;552;431;983
16225;Valgoglio;278;276;554
4234;Valgrana;410;380;790
97082;Valgreghentino;1693;1664;3357
7068;Valgrisenche;108;85;193
86019;Valguarnera Caropepe;3195;3548;6743
25062;Vallada Agordina;213;245;458
96072;Vallanzengo;88;101;189
22210;Vallarsa;715;685;1400
64114;Vallata;1174;1231;2405
61096;Valle Agricola;340;366;706
21108;Valle Aurina/Ahrntal;3076;2940;6016
8062;Vallebona;621;619;1240
103079;Valle Cannobina;225;191;416
67046;Valle Castellana;441;377;818
60082;Vallecorsa;1140;1183;2323
8063;Vallecrosia;3290;3526;6816
65153;Valle dell'Angelo;112;105;217
25063;Valle di Cadore;880;932;1812
21109;Valle di Casies/Gsies;1205;1151;2356
61097;Valle di Maddaloni;1264;1309;2573
82076;Valledolmo;1460;1591;3051
90079;Valledoria;2179;2142;4321
79151;Vallefiorita;670;760;1430
41068;Vallefoglia;7623;7320;14943
22248;Vallelaghi;2646;2581;5227
18168;Valle Lomellina;1149;1080;2229
102045;Vallelonga;475;353;828
85021;Vallelunga Pratameno;1451;1552;3003
60083;Vallemaio;434;447;881
58108;Vallepietra;100;123;223
56054;Vallerano;1164;1185;2349
111095;Vallermosa;898;884;1782
60084;Vallerotonda;684;681;1365
64115;Vallesaccarda;582;613;1195
18169;Valle Salimbene;713;712;1425
96074;Valle San Nicolao;415;400;815
16226;Valleve;70;59;129
24113;Valli del Pasubio;1523;1495;3018
58109;Vallinfreda;129;131;260
24123;Val Liona;1573;1499;3072
17193;Vallio Terme;698;740;1438
65154;Vallo della Lucania;3669;4110;7779
54058;Vallo di Nera;149;168;317
4235;Valloriate;51;41;92
1286;Vallo Torinese;393;391;784
6178;Valmacca;482;491;973
97083;Valmadrera;5551;5682;11233
14074;Val Masino;429;396;825
58110;Valmontone;7743;7911;15654
13232;Valmorea;1278;1317;2595
34044;Valmozzola;273;254;527
16227;Valnegra;106;92;198
7069;Valpelline;306;271;577
1287;Valperga;1430;1547;2977
1288;Valprato Soana;43;45;88
13233;Val Rezzo;85;87;172
37061;Valsamoggia;15994;16264;32258
7070;Valsavarenche;78;76;154
77030;Valsinni;636;651;1287
13234;Valsolda;710;724;1434
103069;Valstrona;562;549;1111
54059;Valtopina;619;639;1258
16229;Valtorta;126;102;228
7071;Valtournenche;1182;1043;2225
65155;Valva;770;769;1539
97093;Valvarrone;260;239;499
93053;Valvasone Arzene;1968;1992;3960
87052;Valverde;3860;3950;7810
17194;Valvestino;83;86;169
21110;Vandoies/Vintl;1697;1687;3384
15249;Vanzaghello;2666;2728;5394
15229;Vanzago;4571;4801;9372
103070;Vanzone con San Carlo;193;204;397
15230;Vaprio d'Adda;4931;4792;9723
3153;Vaprio d'Agogna;475;477;952
2156;Varallo;3275;3557;6832
3154;Varallo Pombia;2456;2567;5023
12132;Varano Borghi;1219;1273;2492
34045;Varano de' Melegari;1297;1292;2589
80095;Varapodio;1014;1048;2062
9065;Varazze;6041;6368;12409
57073;Varco Sabino;89;59;148
108045;Varedo;6872;7167;14039
97084;Varenna;322;324;646
12133;Varese;37905;41195;79100
11029;Varese Ligure;869;848;1717
1289;Varisella;418;410;828
30130;Varmo;1331;1274;2605
21111;Varna/Vahrn;2587;2517;5104
34046;Varsi;581;568;1149
18171;Varzi;1520;1553;3073
103071;Varzo;946;950;1896
56055;Vasanello;1970;1989;3959
8064;Vasia;173;182;355
69099;Vasto;20039;20881;40920
94051;Vastogirardi;293;281;574
1290;Vauda Canavese;720;697;1417
102046;Vazzano;442;477;919
26088;Vazzola;3349;3325;6674
50037;Vecchiano;5736;6086;11822
108046;Vedano al Lambro;3513;3850;7363
12134;Vedano Olona;3593;3859;7452
26089;Vedelago;8330;8228;16558
16230;Vedeseta;99;97;196
108047;Veduggio con Colzano;2095;2087;4182
28096;Veggiano;2446;2366;4812
75092;Veglie;6319;6734;13053
96075;Veglio;214;207;421
56056;Vejano;1073;1074;2147
13236;Veleso;100;95;195
18172;Velezzo Lomellina;42;40;82
58111;Velletri;26039;27009;53048
18173;Vellezzo Bellini;1781;1747;3528
24115;Velo d'Astico;1100;1124;2224
23090;Velo Veronese;411;361;772
21116;Velturno/Feldthurns;1582;1519;3101
94052;Venafro;5238;5407;10645
1292;Venaria Reale;15436;16450;31886
44073;Venarotta;928;934;1862
4237;Venasca;656;679;1335
1291;Venaus;430;413;843
9066;Vendone;170;173;343
12136;Venegono Inferiore;2903;3019;5922
12137;Venegono Superiore;3802;3720;7522
83104;Venetico;1872;2089;3961
27042;Venezia;121434;127951;249385
13238;Veniano;1544;1613;3157
76095;Venosa;5274;5286;10560
35046;Ventasso;1929;1895;3824
64116;Venticano;1136;1148;2284
8065;Ventimiglia;11305;11778;23083
82077;Ventimiglia di Sicilia;830;878;1708
59033;Ventotene;381;297;678
30131;Venzone;973;968;1941
108048;Verano Brianza;4525;4601;9126
21112;Verano/Vöran;534;479;1013
103072;Verbania;14239;15586;29825
78153;Verbicaro;1237;1252;2489
13239;Vercana;373;359;732
14075;Verceia;536;555;1091
2158;Vercelli;22690;23701;46391
97086;Vercurago;1272;1399;2671
16232;Verdellino;4125;3718;7843
16233;Verdello;4251;3961;8212
97091;Verderio;2755;2761;5516
4238;Verduno;271;282;553
37059;Vergato;3994;3952;7946
40050;Verghereto;897;824;1721
12138;Vergiate;4279;4367;8646
15251;Vermezzo con Zelo;2952;3035;5987
22213;Vermiglio;882;885;1767
4239;Vernante;524;555;1079
33044;Vernasca;1037;992;2029
15236;Vernate;1749;1687;3436
11030;Vernazza;332;343;675
100007;Vernio;3087;3108;6195
75093;Vernole;3110;3412;6522
17195;Verolanuova;4104;4064;8168
17196;Verolavecchia;2018;1875;3893
1293;Verolengo;2327;2461;4788
60085;Veroli;9580;9822;19402
23091;Verona;122454;132685;255139
23092;Veronella;2643;2546;5189
7072;Verrayes;640;623;1263
7073;Verrès;1249;1286;2535
18174;Verretto;192;188;380
96076;Verrone;578;582;1160
18175;Verrua Po;598;615;1213
1294;Verrua Savoia;690;663;1353
13242;Vertemate con Minoprio;2073;2116;4189
16234;Vertova;2182;2275;4457
99020;Verucchio;5076;4968;10044
14076;Vervio;111;93;204
30132;Verzegnis;428;406;834
101027;Verzino;725;781;1506
4240;Verzuolo;3285;3234;6519
28097;Vescovana;835;811;1646
19113;Vescovato;2024;1970;3994
5113;Vesime;310;272;582
3158;Vespolate;1033;1047;2080
8066;Vessalico;154;125;279
23093;Vestenanova;1303;1196;2499
1295;Vestignè;376;376;752
17197;Vestone;2075;2068;4143
56057;Vetralla;6601;6769;13370
35042;Vetto;922;880;1802
4241;Vezza d'Alba;1207;1170;2377
17198;Vezza d'Oglio;724;737;1461
11031;Vezzano Ligure;3538;3676;7214
35043;Vezzano sul Crostolo;2171;2262;4433
9067;Vezzi Portio;390;405;795
20066;Viadana;10000;9787;19787
16235;Viadanica;565;556;1121
87053;Viagrande;4359;4584;8943
5114;Viale;117;110;227
1296;Vialfrè;128;130;258
35044;Viano;1754;1718;3472
46033;Viareggio;29180;31500;60680
5115;Viarigi;401;406;807
65156;Vibonati;1625;1610;3235
102047;Vibo Valentia;14918;15835;30753
60086;Vicalvi;324;370;694
82078;Vicari;1128;1219;2347
48049;Vicchio;4150;4014;8164
24116;Vicenza;53662;57079;110741
71059;Vico del Gargano;3506;3646;7152
63086;Vico Equense;9861;10272;20133
4242;Vicoforte;1574;1613;3187
68045;Vicoli;170;187;357
3159;Vicolungo;409;442;851
60087;Vico nel Lazio;1024;1026;2050
50038;Vicopisano;4159;4423;8582
58112;Vicovaro;1725;1795;3520
90082;Viddalba;772;798;1570
18176;Vidigulfo;3405;3416;6821
26090;Vidor;1753;1806;3559
1298;Vidracco;216;234;450
71060;Vieste;6510;6724;13234
76096;Vietri di Potenza;1289;1325;2614
65157;Vietri sul Mare;3410;3468;6878
97090;Viganò;1058;1050;2108
16236;Vigano San Martino;716;684;1400
38022;Vigarano Mainarda;3771;3866;7637
23094;Vigasio;5234;5108;10342
18177;Vigevano;31008;32472;63480
76097;Viggianello;1293;1284;2577
76098;Viggiano;1635;1577;3212
12139;Viggiù;2463;2687;5150
96077;Vigliano Biellese;3626;3951;7577
5116;Vigliano d'Asti;403;389;792
6179;Vignale Monferrato;448;478;926
56058;Vignanello;2110;2150;4260
15237;Vignate;4624;4745;9369
36046;Vignola;12958;13352;26310
22216;Vignola-Falesina;119;98;217
6180;Vignole Borbera;1025;1041;2066
4243;Vignolo;1332;1358;2690
103074;Vignone;583;604;1187
28099;Vigodarzere;6558;6723;13281
25065;Vigo di Cadore;655;667;1322
16237;Vigolo;292;279;571
33045;Vigolzone;2194;2130;4324
1299;Vigone;2497;2549;5046
27043;Vigonovo;4833;4981;9814
28100;Vigonza;11552;11913;23465
6181;Viguzzolo;1563;1531;3094
23095;Villa Bartolomea;2933;2962;5895
46034;Villa Basilica;733;727;1460
21113;Villabassa/Niederdorf;822;785;1607
82079;Villabate;9457;9923;19380
18178;Villa Biscossi;35;33;68
17199;Villa Carcina;5345;5376;10721
74020;Villa Castelli;4496;4443;8939
68046;Villa Celiera;249;275;524
17200;Villachiara;691;664;1355
111096;Villacidro;6403;6475;12878
46035;Villa Collemandina;584;571;1155
15248;Villa Cortese;3096;3237;6333
16238;Villa d'Adda;2254;2326;4580
16239;Villa d'Almè;3171;3257;6428
6182;Villadeati;232;222;454
96078;Villa del Bosco;145;167;312
28101;Villa del Conte;2858;2759;5617
61098;Villa di Briano;3782;3780;7562
14077;Villa di Chiavenna;516;476;992
16240;Villa di Serio;3212;3278;6490
14078;Villa di Tirano;1508;1505;3013
16241;Villa d'Ogna;871;913;1784
29048;Villadose;2312;2328;4640
103075;Villadossola;3049;3200;6249
28102;Villa Estense;1034;987;2021
4244;Villafalletto;1469;1449;2918
8067;Villa Faraldi;217;222;439
5117;Villafranca d'Asti;1497;1462;2959
23096;Villafranca di Verona;16085;16700;32785
45016;Villafranca in Lunigiana;2483;2318;4801
28103;Villafranca Padovana;5195;5385;10580
1300;Villafranca Piemonte;2298;2287;4585
84043;Villafranca Sicula;630;665;1295
83105;Villafranca Tirrena;3621;4088;7709
82080;Villafrati;1490;1574;3064
24117;Villaga;972;952;1924
91101;Villagrande Strisaili;1415;1419;2834
13245;Villa Guardia;3851;4016;7867
22222;Villa Lagarina;1957;1908;3865
66103;Villalago;254;236;490
60088;Villa Latina;567;562;1129
85022;Villalba;650;693;1343
69100;Villalfonsina;428;427;855
61099;Villa Literno;6866;6164;13030
6183;Villalvernia;444;402;846
69101;Villamagna;1057;1069;2126
64117;Villamaina;425;471;896
111097;Villamar;1206;1186;2392
29049;Villamarzana;554;558;1112
111098;Villamassargia;1651;1627;3278
35045;Villa Minozzo;1806;1701;3507
6184;Villamiroglio;149;134;283
21114;Villandro/Villanders;959;913;1872
96079;Villanova Biellese;86;87;173
1301;Villanova Canavese;579;620;1199
9068;Villanova d'Albenga;1435;1453;2888
18179;Villanova d'Ardenghi;385;377;762
5118;Villanova d'Asti;2721;2786;5507
64118;Villanova del Battista;701;738;1439
29050;Villanova del Ghebbo;982;951;1933
98060;Villanova del Sillaro;988;911;1899
28104;Villanova di Camposampiero;3071;3069;6140
111100;Villanovaforru;529;260;789
111101;Villanovafranca;573;562;1135
29051;Villanova Marchesana;460;416;876
4245;Villanova Mondovì;2986;3052;6038
6185;Villanova Monferrato;813;888;1701
90078;Villanova Monteleone;1017;1022;2039
4246;Villanova Solaro;382;343;725
33046;Villanova sull'Arda;847;819;1666
95071;Villanova Truschedu;133;150;283
111099;Villanova Tulo;506;471;977
18180;Villanterio;1750;1691;3441
17201;Villanuova sul Clisi;2905;3024;5929
111102;Villaperuccio;487;520;1007
78154;Villapiana;2761;2851;5612
111103;Villaputzu;2142;2222;4364
1302;Villarbasse;1717;1804;3521
2163;Villarboit;186;180;366
1303;Villar Dora;1383;1410;2793
1304;Villareggia;494;500;994
1305;Villar Focchiardo;953;990;1943
63087;Villaricca;15261;16221;31482
6186;Villaromagnano;318;332;650
86020;Villarosa;2063;2208;4271
1306;Villar Pellice;518;534;1052
1307;Villar Perosa;1923;1969;3892
4247;Villar San Costanzo;784;764;1548
111104;Villasalto;440;436;876
80096;Villa San Giovanni;6249;6427;12676
56046;Villa San Giovanni in Tuscia;606;606;1212
92099;Villa San Pietro;1056;1039;2095
5119;Villa San Secondo;192;196;388
108049;Villasanta;6910;7395;14305
60089;Villa Santa Lucia;1224;1212;2436
66104;Villa Santa Lucia degli Abruzzi;38;38;76
69102;Villa Santa Maria;547;525;1072
66105;Villa Sant'Angelo;229;282;511
95048;Villa Sant'Antonio;163;150;313
30133;Villa Santina;1009;1144;2153
60090;Villa Santo Stefano;777;787;1564
111105;Villasimius;1916;1846;3762
111106;Villasor;3247;3233;6480
111107;Villaspeciosa;1358;1342;2700
1308;Villastellone;2096;2190;4286
2164;Villata;766;752;1518
95072;Villaurbana;722;717;1439
66106;Villavallelonga;393;429;822
95073;Villa Verde;122;136;258
24118;Villaverla;3071;2935;6006
22249;Ville d'Anaunia;2347;2312;4659
22254;Ville di Fiemme;1321;1312;2633
7074;Villeneuve;688;584;1272
31025;Villesse;827;838;1665
66107;Villetta Barrea;307;282;589
103076;Villette;133;137;270
20068;Villimpenta;1090;1062;2152
16242;Villongo;4195;3974;8169
26091;Villorba;8574;8989;17563
16243;Vilminore di Scalve;719;704;1423
108050;Vimercate;12832;13509;26341
15242;Vimodrone;8135;8798;16933
4248;Vinadio;288;278;566
70084;Vinchiaturo;1652;1646;3298
5120;Vinchio;278;253;531
48050;Vinci;7180;7394;14574
1309;Vinovo;7493;7797;15290
3164;Vinzaglio;302;262;564
4249;Viola;207;176;383
17202;Vione;305;316;621
21115;Vipiteno/Sterzing;3503;3537;7040
1310;Virle Piemonte;596;592;1188
17203;Visano;1060;960;2020
1311;Vische;599;607;1206
63088;Visciano;2005;2114;4119
30135;Visco;412;426;838
6187;Visone;593;576;1169
43057;Visso;443;477;920
18181;Vistarino;818;777;1595
1312;Vistrorio;256;270;526
81023;Vita;826;884;1710
56059;Viterbo;32702;34065;66767
60091;Viticuso;141;141;282
93049;Vito d'Asio;358;347;705
56060;Vitorchiano;2579;2642;5221
88012;Vittoria;34536;31793;66329
26092;Vittorio Veneto;13308;13934;27242
66108;Vittorito;384;420;804
15243;Vittuone;4624;4688;9312
62077;Vitulano;1378;1284;2662
61100;Vitulazio;3763;3962;7725
1313;Viù;539;536;1075
93050;Vivaro;717;633;1350
58113;Vivaro Romano;85;65;150
96080;Viverone;629;689;1318
87054;Vizzini;2704;2932;5636
12140;Vizzola Ticino;313;281;594
15244;Vizzolo Predabissi;1905;1947;3852
28105;Vo';1606;1605;3211
17204;Vobarno;4359;4126;8485
10066;Vobbia;192;173;365
2166;Vocca;83;73;156
25066;Vodo Cadore;409;413;822
18182;Voghera;19732;20488;40220
38023;Voghiera;1753;1841;3594
103077;Vogogna;854;815;1669
22224;Volano;1583;1599;3182
63089;Volla;12701;13220;25921
19114;Volongo;241;214;455
26093;Volpago del Montello;4947;5042;9989
18183;Volpara;73;58;131
6188;Volpedo;570;565;1135
6189;Volpeglino;63;66;129
1314;Volpiano;7435;7625;15060
6190;Voltaggio;311;338;649
25067;Voltago Agordino;376;409;785
20070;Volta Mantovana;3557;3691;7248
50039;Volterra;4585;4777;9362
19115;Voltido;168;166;334
71061;Volturara Appula;158;182;340
64119;Volturara Irpina;1389;1489;2878
71062;Volturino;728;771;1499
1315;Volvera;4179;4238;8417
4250;Vottignasco;257;250;507
102048;Zaccanopoli;318;328;646
87055;Zafferana Etnea;4694;4647;9341
79157;Zagarise;641;672;1313
58114;Zagarolo;9638;9325;18963
102049;Zambrone;863;903;1766
16244;Zandobbio;1406;1331;2737
24119;Zanè;3172;3326;6498
16245;Zanica;4433;4406;8839
71064;Zapponeta;1641;1551;3192
18184;Zavattarello;431;450;881
18185;Zeccone;856;861;1717
95074;Zeddiani;548;559;1107
13246;Zelbio;105;77;182
98061;Zelo Buon Persico;3632;3802;7434
18186;Zeme;523;460;983
18187;Zenevredo;236;245;481
26094;Zenson di Piave;850;915;1765
33047;Zerba;36;30;66
18188;Zerbo;201;206;407
18189;Zerbolò;866;848;1714
95075;Zerfaliu;470;509;979
45017;Zeri;445;445;890
24120;Zermeghedo;687;646;1333
26095;Zero Branco;5815;5880;11695
23097;Zevio;7963;7974;15937
22226;Ziano di Fiemme;845;907;1752
33048;Ziano Piacentino;1330;1220;2550
15247;Zibido San Giacomo;3342;3301;6643
11032;Zignago;232;226;458
23098;Zimella;2507;2374;4881
96081;Zimone;194;183;377
18190;Zinasco;1587;1604;3191
10067;Zoagli;1142;1163;2305
36047;Zocca;2489;2357;4846
16246;Zogno;4259;4331;8590
37060;Zola Predosa;9541;9975;19516
75094;Zollino;869;941;1810
17205;Zone;521;520;1041
25069;Zoppè di Cadore;90;85;175
93051;Zoppola;4214;4146;8360
24121;Zovencedo;438;377;815
96082;Zubiena;581;557;1138
9069;Zuccarello;133;151;284
24122;Zugliano;3350;3500;6850
30136;Zuglio;267;268;535
96083;Zumaglia;462;497;959
78155;Zumpano;1266;1323;2589
64120;Zungoli;429;469;898
102050;Zungri;905;888;1793
